-- phpMyAdmin SQL Dump
-- version 4.7.7
-- https://www.phpmyadmin.net/
--
-- Host: localhost
-- Generation Time: Jan 08, 2019 at 01:22 AM
-- Server version: 10.1.31-MariaDB
-- PHP Version: 7.0.26

SET SQL_MODE = "NO_AUTO_VALUE_ON_ZERO";
SET AUTOCOMMIT = 0;
START TRANSACTION;
SET time_zone = "+00:00";


/*!40101 SET @OLD_CHARACTER_SET_CLIENT=@@CHARACTER_SET_CLIENT */;
/*!40101 SET @OLD_CHARACTER_SET_RESULTS=@@CHARACTER_SET_RESULTS */;
/*!40101 SET @OLD_COLLATION_CONNECTION=@@COLLATION_CONNECTION */;
/*!40101 SET NAMES utf8mb4 */;

--
-- Database: `id8314322_stafftest`
--

-- --------------------------------------------------------

--
-- Table structure for table `tbl_department`
--

CREATE TABLE `tbl_department` (
  `department_id` int(255) NOT NULL,
  `department` varchar(255) NOT NULL,
  `school_id` varchar(255) NOT NULL,
  `date_registered` varchar(255) NOT NULL,
  `status` varchar(255) NOT NULL
) ENGINE=InnoDB DEFAULT CHARSET=latin1;

--
-- Dumping data for table `tbl_department`
--

INSERT INTO `tbl_department` (`department_id`, `department`, `school_id`, `date_registered`, `status`) VALUES
(1, 'Computer', '1', '20-10-2018', 'Active'),
(2, 'Biology', '1', '20-10-2018', 'Active'),
(3, 'Physics', '1', '20-10-2018', 'Active'),
(4, 'Adult Education', '6', '20-10-2018', 'Active'),
(5, 'Social Studies', '3', '20-10-2018', 'Active'),
(6, 'CRS', '6', '20-10-2018', 'Active'),
(7, 'English', '4', '20-10-2018', 'Active'),
(8, 'Arabic', '4', '20-10-2018', 'Active'),
(9, 'Agric', '2', '20-10-2018', 'Active'),
(10, 'Business', '2', '20-10-2018', 'Active'),
(11, 'DM', '2', '20-10-2018', 'Active'),
(12, 'Intergrated Science', '1', '20-10-2018', 'Active'),
(14, 'Agric', 'School For Secondary Education Science Programmes', '23-10-2018', 'Active'),
(15, 'Library', '7', '05-11-2018', 'Active');

-- --------------------------------------------------------

--
-- Table structure for table `tbl_school`
--

CREATE TABLE `tbl_school` (
  `school_id` int(255) NOT NULL,
  `name` varchar(255) NOT NULL,
  `date_registered` varchar(255) NOT NULL,
  `status` varchar(255) NOT NULL
) ENGINE=InnoDB DEFAULT CHARSET=latin1;

--
-- Dumping data for table `tbl_school`
--

INSERT INTO `tbl_school` (`school_id`, `name`, `date_registered`, `status`) VALUES
(1, 'School For Secondary Education Science Programmes', '20-10-2018', 'Active'),
(2, 'School For Secondary Education Vocational Education', '20-10-2018', 'Active'),
(3, 'School For Secondary Education Art And Social Science', '20-10-2018', 'Active'),
(4, 'School For Secondary Education Languages Programmes', '20-10-2018', 'Active'),
(6, 'School For Secondary Education Adult And Non Formal	', '20-10-2018', 'Active'),
(7, 'School Of Library Studeis', '05-11-2018', 'Active');

-- --------------------------------------------------------

--
-- Table structure for table `tbl_staff_outing`
--

CREATE TABLE `tbl_staff_outing` (
  `stSchool` varchar(100) NOT NULL,
  `Department` varchar(100) NOT NULL,
  `Supervisor` varchar(100) NOT NULL,
  `Outing` varchar(100) NOT NULL,
  `Zone` varchar(100) NOT NULL,
  `PsSchool` varchar(100) NOT NULL,
  `stGroup` varchar(100) NOT NULL
) ENGINE=InnoDB DEFAULT CHARSET=latin1;

-- --------------------------------------------------------

--
-- Table structure for table `tbl_tp_school`
--

CREATE TABLE `tbl_tp_school` (
  `id` int(255) NOT NULL,
  `zone` varchar(255) NOT NULL,
  `school` varchar(255) NOT NULL,
  `session` varchar(255) NOT NULL,
  `head` varchar(255) NOT NULL,
  `gsm` varchar(255) NOT NULL,
  `email` varchar(255) NOT NULL,
  `category` varchar(255) NOT NULL,
  `no` varchar(255) NOT NULL,
  `Status` varchar(255) NOT NULL
) ENGINE=InnoDB DEFAULT CHARSET=latin1;

--
-- Dumping data for table `tbl_tp_school`
--

INSERT INTO `tbl_tp_school` (`id`, `zone`, `school`, `session`, `head`, `gsm`, `email`, `category`, `no`, `Status`) VALUES
(2, '9999', 'Aliyu Mustafa College Yola', 'AM', 'Aminu Hassan', '09039210365', 'ameenu@gmail.com', 'Secondary', '10', 'Active'),
(3, '9999', 'Iqra ', 'PM', 'Zangina', '0903', 'Zangina@gmail', 'Primary', '10', 'Active'),
(4, '8444', 'Mautech Yola', 'AM', 'musa hassa', '07067278001', 'mautech@mautech.edu.ng', 'Primary', '10', 'Active'),
(5, '3322', 'Wusasu', 'AM', 'isatuu', '123456', 'isatu@gmail.com', 'Primary', '12', 'Active'),
(6, '3322', 'Tuwaye', 'PM', 'tuwaye', '2345678765', 'tuwaye@tuwaye.tuwaye', 'Secondary', '12', 'Active'),
(7, '8444', 'Isaqu', 'PM', 'isaqu', '3456', 'isaqu@isaqu.isaqu', 'Secondary', '14', 'Active');

-- --------------------------------------------------------

--
-- Table structure for table `tbl_users`
--

CREATE TABLE `tbl_users` (
  `user_id` varchar(255) NOT NULL,
  `firstname` varchar(255) NOT NULL,
  `surname` varchar(255) NOT NULL,
  `othername` varchar(255) NOT NULL,
  `regno` varchar(255) NOT NULL,
  `gender` varchar(255) NOT NULL,
  `email` varchar(255) NOT NULL,
  `school` varchar(255) NOT NULL,
  `department` varchar(255) NOT NULL,
  `qulf` varchar(255) NOT NULL,
  `rank` varchar(255) NOT NULL,
  `f_date` varchar(255) NOT NULL,
  `lpro` varchar(255) NOT NULL,
  `login` varchar(255) NOT NULL,
  `role` varchar(255) NOT NULL,
  `avatar` longblob,
  `acc_stat` varchar(255) NOT NULL DEFAULT '1'
) ENGINE=InnoDB DEFAULT CHARSET=latin1;

--
-- Dumping data for table `tbl_users`
--

INSERT INTO `tbl_users` (`user_id`, `firstname`, `surname`, `othername`, `regno`, `gender`, `email`, `school`, `department`, `qulf`, `rank`, `f_date`, `lpro`, `login`, `role`, `avatar`, `acc_stat`) VALUES
('admin', 'Admin', 'Admin', 'admin', 'Admin', 'Male', 'admin@admin.admin', '', '', 'M.A', 'Chief Lecturer', '11/27/2018', '', 'admin', 'admin', 0xffd8ffe000104a46494600010101004b004b0000ffdb00430006040506050406060506070706080a100a0a09090a140e0f0c1017141818171416161a1d251f1a1b231c1616202c20232627292a29191f2d302d283025282928ffdb0043010707070a080a130a0a13281a161a2828282828282828282828282828282828282828282828282828282828282828282828282828282828282828282828282828ffc00011080280028003012200021101031101ffc4001f0000010501010101010100000000000000000102030405060708090a0bffc400b5100002010303020403050504040000017d01020300041105122131410613516107227114328191a1082342b1c11552d1f02433627282090a161718191a25262728292a3435363738393a434445464748494a535455565758595a636465666768696a737475767778797a838485868788898a92939495969798999aa2a3a4a5a6a7a8a9aab2b3b4b5b6b7b8b9bac2c3c4c5c6c7c8c9cad2d3d4d5d6d7d8d9dae1e2e3e4e5e6e7e8e9eaf1f2f3f4f5f6f7f8f9faffc4001f0100030101010101010101010000000000000102030405060708090a0bffc400b51100020102040403040705040400010277000102031104052131061241510761711322328108144291a1b1c109233352f0156272d10a162434e125f11718191a262728292a35363738393a434445464748494a535455565758595a636465666768696a737475767778797a82838485868788898a92939495969798999aa2a3a4a5a6a7a8a9aab2b3b4b5b6b7b8b9bac2c3c4c5c6c7c8c9cad2d3d4d5d6d7d8d9dae2e3e4e5e6e7e8e9eaf2f3f4f5f6f7f8f9faffda000c03010002110311003f00e9564239079a904cdea79a8053949e9d6bc33d5b12e73c90323daacc33c2ac0c9006c75c363354a9cbd7a501645fbb92dcc89e45af96b8c9cb124ff3a85640a4ec0307b1a8771f5271d29474a40a28b6b3237132b13d4107f9d5a12da315277863f7b083f4e6b33271ed4a1b14c1c11726684484c7bd97b1618352632a3e46031c739aa19cd4f14d22e02b9c0ed9e28b92e25a54931d0e7b77adcd13c3d25f6d927cac79ee3ad5ff000be8ed708b717414a1e55477fad762a8b1a855000f6ab48c253b6856b1d3edeca209046aa077ee6ac814e238a0f4f6ab32b95e5c7ad5660bdcd55d7759b3d32326e6500f651cb1fa0ae1ef35bbed62668ed83c518e8a879c7a93594eb28e8b73a6961e5535d91d16b3afd969d955713dc768d0f4fa9ed5cbdd4da9eb817cc6d90be428276a71d7eb4fb3d024fb33dd488d2f97288cc49c9e992735b16daadac0b159cd05cdb7f0aee00edcf7ac3de9bf7f447628c292fddabb398bbf095ca64c72a974c6ec8200e33c1ef55becbaee9d6524b1cf3ac7b82a046ceef7c7a5767ae6a916957290309a7b890160b1272c3a0fc78ac949b5abb94a8822b18db004929cb741dbd6ba5538f43255a6d5e56b18b0f8d757b309e7049d4707cc5c1cfe15afa7f8eac6f084bfb7685c9fbcbf30ff001ab3ad68e971e1a5b5b3293cf110c5c81b9bae79ac0d2745d32eede5f2da44b8da1486383130ea7dc536a69dae16a338ddab1d95b4fa75e81f62be85cb0ced2c334b2dacaaa080187aaf35e7773e15bd8f6c90012485b6e1491b7df3e98a6fdb7c41a04d2c4b2cbb571c1f9d293935f1223eaf17f048ede594dbb99676221030cbfd7eb576dad896f34b60b0c01c1c8ec6b8a87c70cceb1ead6914a8ca32c9f29ae834df106972dbac7697ab1ba7012e060e2b3f75ec4ca94e0b546a5fbc56d1867dfb9ce01c77ff00229f6b26f0db4ee473ce6a19eeeec21cdbc72c6467729c8a8d758f2d4799029ff8174a4d22526592de5380db98b1c7cbdbd29e4175ce30c4f3d45543acc0c47996ef81d0a91c53c6b36bb4e1245fc8ff005a9b0ecfb16527caa961f9f14f0c377cbe9c835406a56cc7e66271d3e5e9512369ef3190dc4eacc727e76c7d319e94ac166689e189da5b9f4a72a7cbbb07e869e9a858150a274f4e4e293ed368c588ba419e00de38fa51642bb2bcb736f0ca22925457619da4e0d2c3756d2c811268d9bfba1c66aadde9d677576d37da86e6007622a4b7d1ed55819a68e655ec063fa9a6a28572f4995242e47422a5c923391c5325fb390a9bf1b391cd437092bb46526c2f42aabd68b0092b95f998fe542c8c40209c0f6ab60007e7c1cf6a8a689a470d1b2aa8e08c7068b0ee446e1d58eec8f5cf6a24b8936274c919cd4af69b9c904018e6ab4b6ccd90a0e41a9d46ac396ed49dc4618d4ff6bc9fba7d2b3922ebe62956ce0647bd5e36dbd071bb8efd68d42c89d6e17009e09ed41b88d78ddc0eb4c686341920b67b5451c28d1c8aaa7ae79a7a8b4266b8881eb8269229c307c6ef4cb0aa72dbc929da41ea0fb55c9a1125be6324145c63d681d87a1daa80648cf27d2a45fb8c1b9dddc565c13943b030200cd5a8e573c93c76a62b136ddd194edea69e1028f9481ce49aac5db9e7146e2c386c1f7ef45c2c4d290c0927e51ed4b1851d0540242323bd20948cee2695c2c5b620ae6a2946e2bb48c679aae2593920120f3419f663702334ee162db918eb55a4f98800903ae734c79c95e064547e66de383ed45c5627da3d7a539e30cb8dc4718e2abacdf372314ad210d9ddc7f2a2e3b12aa0e30738a7143820904d5617000e3007534c7ba0475a2e2b193e32b95b7d166008dce36e3d73c578aea706d9c8f515ed1a9c51ea503c058e32738e99af30f12589b6d47cb200f941e2b4a6ca39a31e0520889e83f1ad036a241b586454ab06dea38ad6e3337ece48c1a8e2b7162d950440e7e619ced6f5fe9f956d9842f4143c619195d41523041a5cc22a46a185298aa7b7467dd1b1cba77eec3b1a9c40ddc520d8cc78ce38150345d720d6e35b7e750bdbfa8a2c3b982f164f4a85e0f6adf7b703b55796df39a90b98262e4fad4324478c0e0d6d4b0e3b5559221c9a572b98c896056fbe338a8648fe52315a4f18e7b1aab2ae38a7cf27a36349277456d3a3e718e6ba248c08c115856236ce5471cd6f0388f8ae5a8df31df1d627a6834e1d0544334f07a62ba4e1251f5a50715183cd381ce726900fc8a3763a537dc74a51c5003f3c5283518fad3f3c5031ea6ad59219275551924f4aa609ae83c23079dac4191c292c7f014d1327647a56951082ca28f18dab8ab279e94d4e1052e40049ed5a9c2f562f6c9e82b93f12f8cacf4f596ded5bcebb5e30bf754fb9acaf18f8c886b8d334a5669f051e51d17d71ee2b9ed3ec2c74b9f1ac13e7b0495570582839383efd2b9e755c9da3f79d9470cadcd53ee25b0d12ef5899aeef64711cc4b095c649f6c76ae8e7b75d2edd2d74f8d45f5c36c421790bfde3edfd6ad68d736172920b475748973e58520818fd3a715836bafc66ee4bbbb2d1dc3b6c185dc238f1c01f8d2b4628daf3a8de9a2e8749691a59daa5a4464017f8b905ce796359ba9dd493df0fdd8945b10421fe290f08bfae4fd2ac5dea883477bbd3d84afbfca04ae36b1c73f856569d22d9789e3b4977cad0fcd8ea659980e4fe66adc968911083d64f728eba3508b5081ef0083500710caa7e461fdd34fd1f5137acd1c99fb5c470f193cf1d36fb679a9fe286a13c3079135aed2cc0c72ab74c1fe75cd6b70793a568b771965bc9c00f2a9ea7ebebcd697b3d06973c55fa9d84934a6365f9401c75e8c31cfe7599af69a6533dcda662bab4507cc1f2f99c73f8d47e24d4efad758b7d334848cc924618e47258e79cfe1589358cfe730d775b58d7277a2be486eb8c554e5d09a54dab4ae751a06af6dab6c1136dbb4562d038cee38c654f6ffebd68ddcf6d6f00fb74904481403e638ebb70460571ba66b5a2691346fa65bdc5c5c6d2a59baf359faee9336ab34ba9d9b160e774d6f9f9e33f4a1547cba6ac1d04e7ae889758bbf0f5d7944b6e0aa0110445727eb597168526a10dd6a36fba3b28dfee49f78a9f7e95d8787f4ed1d74a86686d1659b04c9e60dcca403d476e6b6849e64660745301f91a3d9852385c7d339fca8f64a5ac8a788f67eec3f13ce6383c47a55acd346d711450f270f95c76e2a587c6571851aa411cfeeabb1cff004ae86727479cab969b4e9b0a92480b1b719e84771c0adab8d06c278409a04949500395e4e413907fad47b1ecc1d78ef389cada6bba6de3911ccd01ecb38c7ebd2af0656ced60c3d41c8aa9ab783ece68e33684c0c8a03267796f973d07439ae7bfb075bd291fec3966439758d836d07a657f0ace54e48d22e9cb58b3abddeb4f0d5c8a6bf79693ac37b0123a1246d6cf7adab2d66ceef01250affdd6e0d67729c1ad4d4cfbd2139029a1b347a5322c3c138a031ce7245341c9a4eb405899679171876c7d6a617730e448e07d6a9e6947bd01645d17b371fbd7fcea78f51b94e1666c7d05667bd39493de8172a353fb4ee73932061e840a923d6674181b71e958c5bafad01bdb140b911b635790b12c8a47a5491eb2ea71e5e73fed7ff5ab0777bd3e394a3065382391de817223a05d69790d13fe041c520d614839561cf04560b4cd23b3b7258e4d01cd3b87b347403558b2bc9e3a82b5226a36be6121d941180306b9bdc73cd2a38debbba66813a68de92e208a72599508eaaa3391ee687bf858fc93051f4ac2965f32466cf53de9808a04a06e4b7a8c85565e739cfa53e1bc8d71bdd318fef5601c76a4029587c874c6e206c309d71e99151bce3737ef232b8c8e7935cf1008a690383e9458390ea23b88f6824a807d0d3649e1c7328c13dcd7327a6334dc9a62e43a5461bfef294c523140492c40f5ae68311dcd26f7fefb7e74ac1ecce9c3c6ac033e698f3216c21fd6b9bf31c747200e983479d20cfcedf9d3074d9d119c84cc601078cd433ed2a7f8491dab08dccc3812363d290de4d8e5f23dc0a05c8cd299a3b6850f41d338ae0bc4f726fb5858e088158d30ce0756f4fc3fad7453dc4d34b128208c92696e19204cc49b89273b901c7e956b425ab1c9c764c3a8c54df6238ada79f39fb991d7e502a8cd74518e0464fa7f934db119ed6983d2986d8e7daa7bdd51adc9df6d1b01e8d8ff001aa435f858e1ac9873da607fa52e62d45b1d35a37cb246079a9c8cf71dc7e35622459630ebd0fe950ff6b42c0136f30fa329ff000a48352b5499d99658a22016deb9f9b3818da4d1cc27065a78ff00d9cd46d16474a97fb4f4f3cfda303de37ff0a8d750b09090b7499ff7587f4aae6279595de0f6a85edb23a55f3776678171167eb8a7092d9c7cb3c27fe0429dd31599892db7b551b8b53ce2ba493ecfde787fefe0aad2c70303b66848f67152ec1a9c9cf6e7278aa33444718aded5aeec2ca454b89d43b8c80016e3f0a85adc4918742a548c8c73c54ec5ab9cedbaedbdc56d360467b5674b114d536f7db5766cf97835854f88f4297c28f50c5380ed483ad2d749c2380c5283cf4e29053b91de818b8a5193d2901e94a2800c1a50297bd28a062a8e6bb8f87f6bb9e6b83fc2368e3d7ffd55c4a0cb015ea5e11b636fa2c248c3392e7fa7e954919547a1b9bb02b83f13f89ee6e2f9f4bd094bba8c4b2a8ce0f703e9eb56fc6dafcb64d1e9d61cdedcae01fee02719fad6578774d8f4db595e40dbda32d24ac870bdc8fd2b29cdc9f2ad8aa54d4173cbe457b4d192058ac8102f272cf2cb8f99138ddcfbf4fc6ba7bb96231bc93a4291229dceea0e00fc7d2b26c1e1bd69aed5e343310c46e19541f7579e9dcfe351788640cd25b088b5b5a817176723e6079541f5e3f4a134a3a1724e72b323d19ae0dd4cfa6a469777df3a44570b144bd09f734fb7963d4b56874dd4ec916e23dc1dd0e3a0cf4abde02bd8676bebb650d7d29c8893b201c01eddab3b499e6b9f1e5c4b730f952e1b72673b70b81fa52e8bccbd54a4adb223b11bb4130a9f97fb455507af15343709178f2e5844d24c5b644bfed10064fb019a5d155a4d3ec0a83f36a7b893f4a8fcebad2bc4d7f7af6335c312fe5955f7e0fe54b6b32b7725ea657c5bbcbe5b84b5b854fb3b36f4751cfd2a96b28e74bf0ddbeedaaf8e7af2768cfea6b4bc4510d5bcbbaf11de476ca992b6ebc15aca9351b3d5758d0ec34b2e61b5907ce47040c1fe95d0acdb7dc85a452b6d735e4b7f37e23a331388a1de39edb71fccd79debd726f35abb977643cacc33e99e2bd0ed2e631e38d55a690064802461be8bc0af3268e5935355313348cf8d80724e7a5675d5ec97736c2e8eefa247a87c2fb1d2bec46e25f2daff0071e1ce4a8f6159bf10dffb1fc416f7b6526d7946f6553c120f7fad76da6b5a59e88b2dce9ff61455dac19477fa578cf8a0c6dac4e904ed3408d88c96ce075c0fceb4acfd9d34918e1d3ad59c9ec74b6f7b34cd71ae6929e5c298173093c31c64fe15d359eb9693e931ea777fe8d6ee7cbc3124970d9e31f8d72b671c96df0dee996323ed138058f4dbc0cfe631565ec524d1fc296130204f2991c1ee09cff234e0da1558c64ecfa3b7c9135d788acaeae24b4b2b69af3cd4118c2850723a7af5e7eb5b7a5bdde99e1499afc09eeedc33c50b1dc546dc01fceb98d42fee2dfc4773a2e8b15bc0923ac68c17e6071cf3f9d744de149746b1fed31732cfa8c67cc9b272aebdd71f4aa8b6db22a42318a5b5cceb4fb7eaf68a64d416d20740e20b44e428e71bbe991f5ad8b5b3b5874ebbb2b769a16b8cee999b73eee0035836fa9db69d7f1040a748b97f3125ff009e048f990fb67b574cc19a1324603061bb70e87e53f30c9e873549a33a974fc8c188c777757165ad5a4725e46033ab74718c6e4c7273c71597ae783adaee443a3830bb36d619c2228e3393cf5ab3e2bbcb610c4f6f7519d46d597c8f2f923b1071db8ef5bb6d7f66da05a6a5aa8fb1aba846010609dd9f4e8707f3a8718cb4668a538a5289e7d75fdade1a97cb9f1736e0f2ca4b281c8ebd8f1d2b534df10da5d908e4c329e42c9c647b55abdd726d5a69e3d174d92fadf85f3252769ee7e5ff003dab1757f0b359e8f0ea77dfe8f7525c00e8a37244a7a71ec45612a7d62744669af7f46750a41e9834a38ae2e4bbd474474db22df5ae30c572429f407e95b5a6f882caf95407f2e4c7dd7e3f5acf6dc6e0f746ce3d28ef406047b514c80cfa53969bdb8a7741400d63e94ddc452f5cd1da800539a774ebd29838a71a007645283eb4ce69c28017391d6a4848f3573d2a3f7a148079f7fe54c4c7139638a07ad3474a01a0075203ef4949400fdd8e2909e94d3eb484d00293cf5a427f2a41cfb5078a004cd264e68fc293b5000c7d290f4a0f14da00427d29a70460d29e69334c08a33b6e72b8caaff3a92495d81c918aad08637570e7eef0a3fcfe352b70299090c2cc01e9cfb5549ad2398e5c2e7bfca2ad13c1a613815371f2a32e7d2607ea17e856ab1d0adbae063d856d31f4a6b7d28198b2e856af8f9581ff0078ff008d11e911441f61fbd8ceee7a56b93cf34d6181eb4058cc3a7e07de1f9543169c23188d514faf3fe35aa7de9a68b936335eda7071b6061d39ce6a0682e40388e223d3756b134c63df145c2c8e76e34e9e4249541f46aa32e9321fbc3f015d3bb007eb504cde94730d2b1c75ce8db81dc8f9fa0ff1aca974b6524b46c703eb5da5cb601c77ac7d42510c2d231e141e3d6929b34462691095ba7c670bc569dd93f74552d218f9524a4649e6a512348726b396b2b9d115647b32cda71eb1cebf88a50fa7e39330fcab2c52e2b6bb38794d22d64780f201ee334f54b32ab9ba209ff67a565814ea2e3e5358dbdaedcadeaffdf3ff00d7a68b7818e05da7e22b2c5147331729ac6d503605cc27f13fe14f5b2c8c8b8800f763fe15900d38139ef4eec3959d0e9fa5492dd468af0b92c07caf9af44d6f518344d1e49d8a848530ab9fbc7a002b80f032799ad44cd9c460b9fcb1fd69de22bc1e25f132d9c2f9b1b20779e70ef919ff000fce894ecb4dd92a9f34fded91169f6926aef777da8ccc975322146519d80b7181db85353d85ecb65777b6f7525c5f45e52c31c401c924648c7b28c9fad5eb39d21b59ae24ff00544b4bbbb040303ff1d00fe351782e58e5d66e2e6e0806da02cfdf1239c9fc800bf856718dac933672ba6dad0ce92d74abfd26eeeec6396da6b54dcf1e720f2401fa569eaabbff00b78123fe3ce0271ebc5655a4cb35978a9ed91923720a823042ef3dbe95b5a942644d63cb5259eca0231dc0effa51bafebcca6f5b7f5d093e1edc436da55db5b44d3df724a818e07419acdf0f4f2bf892ff0051be5f29630ef293d14f4c55ff000b6b16ba5e8e96d6d03cda94ce7f77b7193db27d2a29acc6a5a89b28a4ff0046b76325d48bff002d263d7f2a76d236e827f1cdb5bf52cc36b712785ad7ecce219cced326f3820738fd2a3b3bbd6ecf54b58f509627b799886618380064f35b323858d94ac61235e4938c28ae7a18e7d56f2d95fe55bcdcaaa07dc8063737d5b18fa553566adb9119732775a1cef8bf4db76bf6d5667173633312761fbb9e99f6ad3d1d2d6ce08df4eb789178f980cb124f4fe759be3e23c39a83c1180d63769868b3f7474c8a6e8179fd95716da5ea285a39b0d6d20eb86e80fe75b536930a8a5285d3ff00862f6b1a443ab309d184179c7ef3a6e3ef8e9d2b361663aac466486db55b43bd4b8c24c3fc6b5b55d734cd2a478ee2e95e45e3cb552c41da41ae775ed497c46d141a6d94cd2a36e1311ce3d3e94e6e2b55b8a8a9b566b43bd3e2ed36e74f960d4818260844913027f2f5af2a7d1af6eee2692dece6f2012ca4a91f29e95e83708ba6786a2bbb9b48eeb52b651bb3c9ebdff0ae3ceb9afeb970c9685c0524ed886dc0f73515ad2b296e69875c9774f6f3367578e5b3f87ba7dbb868da4970ea7ae32c79fd2b76f22dfe32d1612a3f716cce31db823a7e15ccdae83aa5d4d1bea978a91210c44d267bfa7e95d16bb77269fe28b5d5045e6d9ac7f6791d0e769cf3c7b66ae2f4bb5d8ce695f953bbd7f138dd3edbfb5fc732c6b3f904dcbbab9ebc36703debd2fc56da869fa0486075b9c2b094b8c1da475e3d2b8fd37c3f6abe2286e66ba274f9cb4915c2363e6ec33d8d74be3e8eeedb4077d3ee59a009b24473bb2a7be7d69c138c58ab353a9048e36de258fe1b5dcae1559ee3209ea7040ff1fcab4f56d306a7e21d334b96591215b11bbcb6c6719ff0159592df0d90e3a5d7201ebc9ff1ae9610078f2594860534e0c77745e9f977a4b5b2f41cdb4dbf5fd0e5e5d72df4cb97d2f40d32269d6468bce93e76720e056c5e41aac5a5cbff00094ac72d848c0623fbd013d1be8335c67862deeafbc4b6ff006178d6e0c8640cc7038e6bd43c73a8dc58786e517f68929923642d11caab76ce79c54c1f345c99759284e315bbfbce7f49d456cae23b09a48a3578d4dabc5c2cc0e464ff00b55a2cbf6889d36a3a4a4831b12d904e79eb8cf4ae27401f6ff0fea3f6990eed3d167b67fe243c9c0f6c815bf71e20ba8f4ad28c1682eefef518839239538ce3e869c6775a915293e6d372b58595b697aeb5bcb2bae9f76a440e4e3638249439fa9a5f107846d5e20b6e3ecf32b349b9159b70e4818eddab2f52b1d5efedadad753b8d3eda13217501829071dfdf9ae8ef35b1a6785ed6eaf163d46e6222295a27048193ce47d051a3d1a1be74d38bd4e361bed4b429922bd8667b56c052fd78ea41fc3a1aeaeceea2bb85668183237bf4ae1eebc41a9eb8f2456ba7a185b80891eec027d7f3fccd6818ae3c39aacca8247b558d2478c72402324fe04115cee36d63b1d1257f8b467620f6a53d2a1b49d2e6dd2588e5586454e466832d8677a3b52eda369e84d300a29d8a29000a334e1814d3cd0025237df514ea8f3fbe51ec4d3131e73cd273eb4ea5f6a2c1713bd2f5a00e68268010f1d693b53beb4991400dcfa535b34f38a050033a5253ce31c76a43cf4a0089b34801a90f5e2931cd3b011914d6e07152e3b8a8a73b63247619a2c04708fdd67b926873c524595850375c734360d02430814c23bd3c8e700534d218ccd30f414a4e0714d27229008dd38a8db9ef4a71ce2985b9a0434f039a613ef4b2367ad42c78eb400acdc542edc75a19b8aaeee050215d85559dc53a493ad61ea9ab436fb947cf2ff747f5a96525725bc992342eec1547735cb6a774d78db532220781eb497134d7920699b8eca3a0a9a0b71905ba7a5524a26d181300b058aaaf048a8e1e178a7dd90c1556a353c802b3353d6801452814b5a5ce30a314b8e2940e2801b838a503d69d40e86800029c3ad20a701cd319d17876f934ab2bfbf907cb14581eec4f03f3c551f0c25c5bc125bb5b4827ba89a58e6ced0ce54b0a6dca96d32c2d0a616799a7724f548c74fccfe95aaf1497171a6583cce37a80c55b18e0038ff8086a9ddfa06cbd4cc8aeaf96cee74ed4a158d1111976afde0ae99e7bfca6b43c12b0c3e34d61a77d81247d8ac7ef31638e3e84fe759d6b13bc66d64959cc135d5997279c08c11ffa0d4ba54b6b6df10a69ee9d5215ccbb89e32533fd685a34cadd492ec4b69782e64f14b3a1812589a40ac30461b8fcf35afa85b6ac2fedaeb4f28b9b58d19598761d31f8d53bd78f55d551a21b61bd733c9c63f731f0a0fd4827f2aded42e162b192e670acb1a65b00649c6001f5cd34b4d4994acd596e45a55e4da836a115c5ac56b710c580e383b981c1cf6ed5cf896f74048a39ed639632fbfcc049ce473cfe557b43d2e6d744f1492b4454f9d72cbddc8c227d14555d1e4b843ac69f752078ada0948c8ce186066949b762e2a2aebf03627b91abdae930c7fb982f5d84ab9c9213b66aaf85ee9dbc5b79108d989df129ff009e6a0f1f87149a60da7c309907fd6c840faf1507826e269b59d4d6de3c4d3163e737223193f9f24534ef25fd7415928492feb538cf8a7633596aeab35c3dc330dc198f2013d2b475340faaf851b037ba479c7b60ff0053587f116d25b5d69a29ee5a69148cbb7539e7fad7437484ddf8389618dabcf7e8a6b4a3adfd4757451f47f915acb4db4d4fc6dabfda104a9103205cf7e3fc4d63dcf8aefe6916dac238ad9f3b7f70bcb7602ba1d23f71e2af1198c65844483d3b8e2b81d2a19ee3578a2b438b83200993d0e6954934d25d4ba5152bb9744bf23d2adfc29ab59d87f69b5dbcd7d812344c72ac31c83ef5976975895ee7498d639b61173644f0dea457a1b5e6a3a7787fcebdb75b89d17e6488f51f8d7886a9a9bc9ab4b776fba0691cb00a718c9e95759aa76b1961f9ab735cf4ad32fedf518e35b693372481244c3e6505b735693c7e60d8ca3f7a59c1c676ee6ebefc5711e2045b5d3746bd81596ea78833caa719381fe35ade22bfd5a7d7e0d274fb830ab46a338c1cedc9e6abda5b4666e8dda717dff01dad4a746b589adc249a6ccd896d5ffbc46495ee29f7761a76956b0c9a9dfde3d8dd60adbee2cb9c640e3b573ab3693607639b8d575357285589daa41fd7a0ad7bff00ed2b8b2806bcb159c8087b3942f01bfbac3d3a5252bec5b8dac534bbbbd7fc9d334ad3bc8d3a3984849f407b9fceba1f105fae91e27f3ee636fb0dc5a081e4519da724ff009fad51d3b547790db48af15e459f32103008073918ea0f1f9d68cc51e2962982cb083901c7cb90000bfad5476d199cdfbd66b4397f0ff875e0f11dba1bd3046ea5e0b9887dfe3a0f438aea3e271bfb5f0db461d6e2d9f0923b0c3839ce7d3dab9f9841a2b3492c6f268f72ca36ab7cf6efd41535775bb68a2b653e23d6a49b4f04c90427877e9c1f5ebfad4a568b8a2e4dca719b39df07c3e6786bc4783f388548cfa0dc6b534a2eba8f830af20c120c11ec727f95628f11e936d6b7b0e956170ad7703424b3e463079c7e35bd6ec96fa9f830ca446a2d5c1dfc60ecff0013530b6897f5a9a554eedb5bdff23cd75794cba9dd0c93995f827fdaaefadbc1e74ef088d5e094cf72d109a488fdc78c8cb263e87afb579fde44e9a94de6a946f34e411ef5ec376820f87321d1aebcd45b762c246dd91b7e603d31fd2a29455d9ae266e2a0a272fa0cf0d8dc7d9c48df66b95135af6009c831923b826b43572c605bc03334001231c321fbe3f219fc2b89f0d83359ea86467c5b406e63c1c6d7561c8f7aea2ff55d466bd82c6cad23924682291e76c91f30c93e83bd6909de261569b53d0b51a0d29d2e235df612fdf407ee93d181f439ad217d6a79d928fa115cf4e2ee1d1ec34db49ada790abc734e5b3b318c007d70d8fc2ac420433496e24f3150fc8dea2b39c6cee816ab536c5dda1073e7039e3814bf6ab427fd6b0faa564e28c540729b427b4d99fb48cff7769a85e78b70db2c6467a938acbc034d2b40729aad2c41b89633ee1a97cc4270b246c738e185646de694ad30e537163723aa0ff818a416ec240c18138c000d6195c52c258c9c938edcd17138b3a28ad26913785007fb469a2de5657654dc14e0e2b2172a30091f43465b20ef6c8e8734ae1cacd7fb3ce320c3202383f29a85cec729202ac3a861822aa0bbb9518171363d3cc3552e2159e56966cbc8d8cb1392714f987cacd42c3d46294118ac6fb320e9bc0ff7cd5f8afae2224a3a827bec5ff0a770b32cfb520e298356bafe2656faa2ff0085346a32f78e06fac628b8acc933d73499e69a75390e3314078c7fab14c1a81ce4c109cffb27fc68b859926683509be0461add3f02455696e6438f2b0beb9e68b85997bf9d56be216ddf3df8fcf8aae2e6719c8427e8698d70d215132295cf201eb4ee84d32ee36a81d4814d3d4d4535d4647ca8ca7d41cfe94dfb4c6187de61dc918a4da04896a263e833531b9b3feecc0fd47f8531a7b4c1c097f4a5cc8084fa54649f4c54e65b42bf7a407e94edda7907334a3fe03ffd6a2e82e516eb51b7af7abb7274e5b7575b870dfc5bd702b1e6d4f4e470ad7b1ae7bb0207f2a5cc8112bb55791f154afb59b28632d1dc24c7fbb1f358537885d9fe4b5c8f53273fca8b96a0d9d0c92f07154ee2e12352cec028ee4d73b73ad5cb82142c7f4e4d67399ae1b32c85bea68295334355d659f745664807abff008563c50b33e49c93c9356a18416c76ab1222a8c01cd1cc91a28d88446ab80295c95e54d46cd8349f7f1b7ad22c543b9b2d562d63e77371491c215379e48ed52c5961b9f8159ca433d4314b8a0500107ad68718a0629d8a05001a602d028a00a0029ea39a6819a72f045006c6a13c71b5a2c9b5445625893fed3e0d4925dbaf8934692dd96449641183ebf2673ff910fe559de7bbcde6246934891aaaabf40a03123f4ab0d0345a8693f66601d6ec22679c024a8fd07e9529b2acac59d22de1b7d56fec5643288b505264639277ab2927df26a8dbebf6b33c96bab58c72439540eab863b405193f854a96c74af16cd6b6cc584b72ad96e784c48d9f7c902b57c56f0882de368625124a092106428f99883f418fc6ab5b7a069cd6ee54b9b98744f115d473c328b5631c71b8fe0451d07b66aeeb9746f5627b772d6715afdb02b8e59b3b467d875a8525bc7d42cf4ed7238e75bdfdfa961cc608242fe06a95a6d1a660ee6dfa4ca3fef990d4bd9a1d968fa9d0f81b5193fb26f63b384cb7cc5a5776fba4f6c9fceb03417964bbd71ee49f34dbcad271c6ecf3c7d6b67c057a23d0ee12cd04d79967f2fa7a6326b1fc3826377ad89c62536d2975edbb34dbbf294924ea686d69d1eebbf0d8380ab6b21fa9c51e00b953f6bb682222ee52cecf8e001d3f534581791f41d80798b6b310338f402a97867521e18fb52dfd9cdf68907cac0641c76cfd69c5fbc9ff005d0992bc2496ff00f059c578e34fbe6d5a78ee774f721c6e6519cff915b57aaf19f092852255655231c8e1735a5e23bdbf20dae9902c9aa4b99ae5c2e4a16e42e7d862b2346d1356fed9b2bbd66e9765bfcc14b720907ffad5b528db61549dd2e6d2c59b70b16a9e2b981c154039fa1ae1fc3167737be208a2b190472ab6f0c7b62babd4aed34ed4f57fb4a31b6d4400938e557008e7f1acbd1b42beb6f12d9c693ac265cb24ebc8231cff00faa94a379a2e9cad096bbafd0f4cd72e356d2b415954477ae83f7bf2edc8f515e1572ccf3190f049c9e3bd7ba788e5d574ef0ec8f1b4575227de257195fa7ad787072724af24f434b14f543c02f764ceff00c4ac8f6be14d8b88dc2003b63e5ed5a103a3fc45bc662310c0791cf651fd6a09e18fcbf064729dcf94200f4c03fe14eb653178c3c493261b6c19e074381fe15a35adff00ad8c13d2de4ff338ed02f9e2f1347751c1e7c86524263ef673fe35e9fe34beb59fc2ecb7d14b034ca4a074e5587205799f84669ad35cb79aded7ed328276a0fa57a578ef528c7879e3d42ca4532c676903215f1c027b56745feed9ae263fbd8e87051452dd785a5d59e571796b2ec475383b7e5e09fc6ae6afaa6a10e97a14562e04f79112cc4024b1200fc693454dff000f3571d7f7c0ff00e814b32067f0603ce401b40f47068bbb2b761bb733bad9bfc8a51dbd95ab07f14ea724f3e71f655627691eb56354bcb6f1a411dbc104b66f0122d99fee3f032a4f63c0ae7fc6a54f8caf0edcaf98011eb80335e9f1dbe83a8785cdbd9c91450b02179c147c67f314e3ef5e22abee28cfabfc0e4bc276b6508dab6f1c77f6e192612f2db88ebcf6e95b1afd80d62dc5b5c95dca37acc0711905b207e40571f6975737a8daadb0517fa4a069a4ed3a723247af15d2a788ac6df46b4d46f7cc856f15c089017c9563919f7cd69169ab332a919a9732dce6251f69922d2f51887f69427f73383c4cbd4293f4e01aecfc5d3d85c781a692c5c5b3c406e850ed209c028c3f1ae17579aef5d9ad96c34c9a2d8d98e4e84a9e07d3919ae97557d3f4ad3ec751d6ec5a7bf9008dd54fcacebdd874ce2a13d1a349c6ee2faf6391f0a6443ada9fbada7ca71df8c56b7889de1b3d4d977c72086c9411f4248cfe354e2f11bdd25dc56fa55b46f711b44cf129dca1856978b13cb8b5d466c902c971e985ebfd2a63651d0ba89ba89b56bffc01cda745a678774bbab3604ce9e6b963d640bb80fc832d68dc8492486588a94947cac3f8b8c8fd3359bad0b44f0d7875ec559233709be3e725b1cb63ea0fe759d7528b396de4b8924305b318ede08ce32e6471bbf002aeeb631b37adf53a3460ea08fa1f634ec566e8919b7b6861691a4ca6e2cdd4b64e6b53b573bd1d8d06e28c5380e6908a2e0262955327247146334e0c475a570031ae3d29bb420c8ec69fb850b8240278ef4ee21d8a29ccbb4e3ad20a2e0371452b9da33827e828a063690d38d211eb400d348695a90d0021e94df7a71a4a2e034d349c53cd308a770133519fbd521e2a3ef9a421a7ad30f5a79a61a18086984f14e34d22900d26a291f03af152374aa976c163249e31498197737c64b8dc3055321431c01ee6b1b55d477ac88d2db3e4e76a82d8fc6a9f9f23dcc80a3633c6eeb8a75d59432a6ece243e94946cf53548cdfb4a93c814e8dfcc902a707e9c7e756d3488c01248f8f4f735724862b785771009eddea9c974199ef0f97cb10d4d53bce055b48ccedc0f97f9d3daccaf452295cab100711ae075aad2c8cc48149728c18019cd3edd36825c64d174b51d889232d9cd5db5b7e3771cd46dc3f4c0acabfd756dd8c76e1a46e876f6fc684a537688a4d25766fcd2c71003233542798b03b7d7a0ac08b53b890e4dab927fdaad186ee7c03f6493f4aaf6128ee47b44f63dac0a514a28141ce18e68a7628c500262940c5380e2971400da5033d69db68039a00b563218e5511c62491d6508338cb794d81fad5cb7866bb5b536f3431de42d14e824380fc31c0fcc550b00dfda36ab1f12b48554fa131b807f3a9edac2df52d0d279da48a6b44c0656c6311a67f514a37b16f464da6c52c3e2675d4254371043f33161f33c8db8919f62053fc47728d7a5645cc30f970890741bdb731ffbe547e75567934bd4ee92d6f609a0bed9146b38390cfb5460fe755ef8b9d0d96523684b62dedb4ba7f414376564351d536741e27bbfb478df44d91ecb7521525ff9e9923a7b0a8628047671469ca8b4bd8371ff0065e97c6f7d1c5aa78763b78f31db153e663e5232bc0fcaad4c717be400768b8bc8c91d8326fabeac8fb31febb93fc3fbab6b1f0f5cc902f9d7872e635fbc40e95cff0087afcfdb759b9ba5f2e396390b81d999b81f99c56a782b56d3748d0ee24b8606f1db1e581966e38007e755acada3b8d456d8aee5b7cdc5d91d1a43c85fa0ff001a9d5f2d8d348ca6dadcd4b8d2269ec74868ae96d26b6b60189eb938ff00035269725ec1a82699a9225c46eac5253c9e066b519d444d23b70abb9896e00c9eb9fc7f2ae6d4ddeab7c3ec6de5dd5daed8c8e3ca847573eed8ab6acf432849cd3bec5258f57d17edd786012c32396908396c64f43562c2f63d453ed317cc5d8606391ce483e878ac8d5ee353f0c5f4f66d3ef52070dc82bcff00f5ea194cba56a3a65f58c8ab6ba96c12c78f94138ce3f335a519595bb057a7cd67df63a278adee6c19678c4b0b228e4703ef73cd7366dbfb1ae12de773269524984909f9addc81820fa53fc53e209ec350934bd2ec83b22ae18e5b8c71c7e26b3069bae6a6e1b58ba5b7b43f3b072001f856b392bd96e452a6d2bc9e8cec45d788ae6392d316d3da3afc9784f057d4fa9c572d7fe1ed274b854dfea45a66c0d9180715bda9ded94be148749d23528cdcc6a147cd82c07271f5ae2bc33a4c7a8ea8f06a733a3270232705f9ec4d454b3695aecd68a69395ec8e920d4ad357d67c3d63a7ef2966c32e4750a07ff135758b7f6af8bfcae5da040147de2761e82b4f46b3b5d2c86b2b48e20405690f5efdcf6e2a8eada3999ffb574fbaf2f518d14b11f764f973823b8ed56e2ed7315522e565a2ff00837390f024b7f6dafc6b63009646c8756ec3d73dabd03e20eb1e4e8935b5ed83fefa30124e0a87f4cd73fa7dcc87506d4f4db758b56814adc59b71e68ee56afebde235f12e8b369f169d742f5b1f215e10e7ae6b38ae5838a66b51fb4aaa6d688c4f0dc7e7f8135c0c088d4ef033dc007fa0aba9018a2f056ce09624b7d4027f9d431d9be83e0ad560bf9a18ee6e71b115b24f4047f3ab12a94baf03c72e554264e4f7dab445592befff0004272bc9b5b5dfe4711e34024f186a247fcf5c71f415e9af6fa2ddf85d2df0b0c120d8a5c6c21f1d79ef5e7b7b7715a78fae2e6e2232c4974cc63033bb07802bd23c5b7fa56a1e1266b8cc3e746cd12c8855b781d31eb4a9a5ef32abb7fbb89e71e0f833a7789c2e4c6b66cb9cf04fcd8fe5534b6897363e0bb729f2bcafb81e411bc13f9f352f8122ff00895789486c8fb19e0fd1ab4a08425d781a20323cb77207b8cd10f853feb71d595aa3feba1ca7897c43a87f695d585b4be55ac13b246221b4855e00cd69de6877ba4e9d6afadcd25c5b5db959519b3e431e55c1f5eb9ae62e619afbc513476a3324b74c13ea58e2bd1fe20de5cd9f8663b2d4a3599e71b5678c6006041191db8cfe5529dd36cd27eeb8463d4a1e1b9934d91b4b28897707cdbd541f3a3272181fa76a97c4f6f1ca1efd95e40a0c774bd0bc79e1bfe03d7f0ae574e96e3fb163d4fcedd3d95c2c110c649560720fa8addf11f88717771a7699a7c934a098e407eefddf41fe78ab8c938d9994e9c94eebe643e2fbb8ae6db45b78941bbb6942bc718e36607cc3db183f8d4376c1353d38bc45d45e13b40c9237cbff00eba8ee25bfd3346d221b6890ea720785a50033aa860557f23fa54f0db5ea5fe9314ac86ed5d6466ce413ba4ddffa10fcc52ea2b597de3f4f78cf1bce639991727ef73ce3db9adbc5729626313c2de5921a670bcfdd1bc9e9f8015d68ac66eecab59080527d69f8a08a90198a08a751401191498a908a691401296c9eb9000c1fc28a7c4bbedd980c14383ef9a6f4a0484c52629c4525031a4521e29c41a422980dc521a71a422900ca434ea4a0061a69a79a69a006374a6d3cd34d0046714d2053cd348a008c8a61152914c61c5215889871cd73be25d423b548e267dad336c5241c7e27b574847158babdbe54ee81678f3bb69c6411f5a4dd8a8ab9caea2a34bb66bd92390a100b11c8158e9749a9ab3d9dcb155c170ab82bf5cff3af4d58a0bdb17866456465c1045721a4f848e8b7f712c5289524529b597181907fa53a5520e2f9b73594649e9b19f1dc4b028019b9e33dff00fad4e58249264907cc1bb9eb5b92dac5e600506e1d462a7d361854b07207a54b9ae80d588f4fb72c402bfa55f98476ea43007231569248517e42b8acdd46642a4ee1c7bd64db60b530ef17cc946c1820d437b2c5650e64396eca3a9a7b4af29616a85d8f1b8f41441a412fe64e4c8e7b9ade10fe6094fb1892b5dea1c60c71ff00741ebf8d59b5d1d14025457490d8aa8e140ab0b6d802b5f69cba44c5ebab3161b1451c28ab11dae074ad61001da97ca1e959b9dc676c314e0280281d6999063a52d1de96800ed4a28c1a82ea192431b45298d90e7d411e86802c52819a00e39e69d8a007c2d3c32473da446696370c147fbac33fad5b2c96de1928cc01b86009efb59b71ff00c77355221209e096097cb6865591b9fbcb9c11fad490c6648e48fed06e34ed8d25bb31195cc7229fa60e054dfa1a69d49b589ade3f0fe8572c47db24bc69b23fbbbce7ff0065a8b538c36997f1b6079624423d765c023f47a8efa28d3e1c4135c106e3ed47c939e42e4e40f6e09abdaa229b4d4801f7c49275fef471bffeca69ef71edf7fea43e3bbb8c691a05ad9a6f58d431997a16c0cafd72726b56ea3bb95a5bad30c6f710df96218f1cc4a187e66a32d653784746b70f1bbc21aedc641202824fea40abba3d8791a742932334f22ef9071cbb7ccc4fbf6fc2b44b53372e556ed72be8d1db5d6a974ba869ab6fa85ba99976fddc0e9f5e4d62691ac4da62cdf6eb291da67323c982ad9ff39ad74ba95ef6f27b0c99a509616cc4f562d966fa0a9348babd1e226d1758115c29ca9257fd9278351d5599a27a3ba2edfdc2eb56d616f61948af598485faed8f9c7eb5078075384eaf74cebfe9132ac7122f3b541e9f4e9526848bf67d1f6a8531cf72b83fee9aa5f0ca5b787519b78cdc14db1fe7cd56bcf121a5ece6974ff3399f88b2ddc9e21ba6be455700040bd36f6a935df9bc1da0ce700c72a02cbd8723fa0a97c6cb7f7fe22985c41b666c2a46067e51d29de228ded7c0105bdc8f2e68a50bb49e7a9e69d1de4cbabf0d345db72dff000b0af010a51acc30c8ea322bce1a5b8d4b5916d25c3859260a37b7039c57a3a6e8fc796c49c8974fc7d4839fe95e651451dc789fc8926f2636b8285ffba3775ad6b6ebd4585eafc91ebf3fc3ed3d743f22204dd05c89b3c96ae0a39e29a56d37540c97b136c86e53a820e307f1ef5ea3258dee9fa294d36f649a4400af9bf3678e95e2b04b34be218e59c6f91e705f03a92dcd159a8b492270bcd5149c9dcf43d17559a2d46df45d76261761f11ce3a4830719fd79ab9a96b9a6698b2453dc27da63014a28dc410bc8fd6aa6b6526f893a547d1950367d71b8d655bd95a4da8f8a6ea783cd96d599e3cf41f7bfc2b4e692d11972424d49f6bfe2457734daf6a76975a6d8dc4091105e7276920b73cd6df8ef51b8b4bab08b4e9d2de0ba7d924ea071c8c73f8d73ba05d6afe2ebf3a78992ded117328886df96b6f5dd23fe116b544907db74695b13249cb237aa9fc3a54a774d9a49253517bae83c6816115e2bdc24d7f71bd58cd2b600c9c74a9fc55a64dac25aa8916dee2ddb30c91f44f97bfe22b16d3513a55ec103dc2cfa4393e4dd6725010786f5009e95d6bcf15a59c9757124222540c8dbb865001dd551e568ca7cf092671971692dcea519b9b744d7accac87fb976808e47bd6ef897c45a1eafe1c9ede62d1de05f9616421d24c703fa572dafebb06b7e547a55bdc497913830ca8b8f2f9e07d2b6f5ebdb8d1741b0d46e6c609b5160239ddd47070704e2a135aae868e2ef1bee65f842ceeed741d725b881e3866b47c1618c900ff89ad5b3901d67c2595c6dd3d9b1dfee0159f71a4eb3a9a81a8eacb0c3300e22439183c638fa8fcea6d70cf673e9da8d823cf0d9c1f679100dac54afde1fe7b50972ad026d4e5beaff00c8e2fc3764fab78c618619cdbb3ccceafdc632df9f15d9fc5ab99edec6dac678fcd89f6b24fdc32e720fd6b1bc33a15bbf89ec596f196c6706482646c3161fc04f66ff000ad3f8c62ea296ce2670f68f965c8f9838183cfa608a8b38d366ce4a7888a4735a542dff00088205c069f548e3c93fecf1fceafeb7786c2db5bb8b73b269354f2d5d4f3c21cff3a6e8637f86f4843d1f5a4e3d7e5159de282c34699dfacdac5c30fa004524ad1b95f154b3effd7e4685a695268de1fb2d47cd6964bafdeb0ce46769200faa6e1f522b5b5128f6b6f716ce14a94789b1d036319fc769fc2b3359fb559f83b438bce13c134d1b16ee84f21463b75acf791bceb78ae6e9a1d36d159d829e5cf9b26147a9c2fe9569db432945c9f33ee5d922105cc691ba3babb349b4fdd63bd88fc0d74ebd0573221b61642e212c04b248e589e72412011fa7e35d3afdd18e98ac27b95d031462968c540843494fa4c5021a6929f8a6e28026b33c4b1f665cfe5cd331cd2da9db75116e9b867e9dea49d364aebe8698ba90d14e2293140c4a6914ee6822818da4c53b148680198a434f34845004645348a7914d3ef4011918a61e29ef5131f4a000914dc8a334d26a42c06984d2f4f7a693400d3d2a378c3707a1a909a68349823367b095497b5900cff0374a81cdfa7deb7473eaaffe35b44e298cd53ca5f3b39a96defa7627ca8a207a9dd93fcaa18b401bb74d34ae7fdf207e42ba723269b8c555edb09c9b31d3448147593fefe37f8d386916a0e4c6188fef127f9d6a5237e94ae2b9445aa20f9540a5f2571d2ac91cf148451b815fca181c5204ab18a691cd004254530af5ab056a361401d6514c0c7b814f053beefc2b5311d4b481a3ee5ff051fe34bba3cf1bff00103fc681dc29c3a52653b31fca90b01d327f0a0078a5a8f70cf434bbc038e7f2a009b6b1b79cabecc27def4f98568410416d74f6d163683827ea223fcdcd634cc648da203e494156c8e9dc7ea056ae9e91c376e51fcc252395f27a3320723ff1c152b734fb3733d9618be1d6fbc7dd706eb6db83cede9bb1ff008f5684f2dc47a3c33d95bfda99e3b70622b9dc1a27420fe553e8fa5c37be10d5219ce585cf9701eea72318fc4d5ff0dc6ab6133c52b2ac926d420e3089f2ae3f227f1aa8c5e9e829cd6bea73f732da7f66dcdde9d6125bcc92c715dc4c3855249207d70056e2f886de7d1af2e6c5a4371181fba71cae4ed073edbbf4aceb9d66e2d5ef67b4b74b98ee2532cc5d7858d4ec5271ea435132429a7cf71046a82f2c1e62abd03a483a526ddf42b95349c8bde19315af892d6d6f0ac7f6287e504fde91c024fd791f9544fa8b5e7c48b790c260557f2803d48f9864fd735674e4b693c77e75d6d50b04720cf4cec5c7f3aa3ab5e4771f10addedd5b6c72a21c8c6483c9ff003e945da4bd412e693ff09b5a13ed8ecf77defed0b81cff00b8d58fe05bcb2d3b50b8b9d4641132a10bb8753dff001abb7115dcfa7cd2e92e1a4835491d08eea473fcea98b9bcb4ba54d62ca1b98642007451f296354f4927d898abc64bb93f88b5422293598c6cbabbc456a8c3e648c756c7a93fceb947f0cea1a95bfdab52bd31467e60b2124e3b1c7e35d7f893c357775ab7daad6589638d5445193f7401d00fc2aac1a924d7f159ea0ad05f0054023e573c1e0fe7c56d4e3793e62653e582f67ff0c64789fed02ff4fd53490d23da28464208dcbcf4fd6b929b4eb4bed520bc826f2ed679079b9fbd0127907d3eb5e96079efe5b831c836866e0609527fc6b95f12c29a06a2352852295270629e1e81fdc0ad6a416e461eabf856e7717da5cd0787d7fb22f650d12ee525b76ffad78ee9ef20d5edd9863f7ea5bdbe619aefb4b5be16624d375648b46953e4f3465a33dd47d2b034abfd1f479a56913edf71bb72c9dab2ac9369ec6d86bc6325bb37afd9bfe1695907048da36ffdf2dfd6ab406448fc6d2478ea463fefacd43e1fd42e35df1b5bea31c25563f90e06405c1ff1a7dc5c42b7de23d30b794f792f99133f00e0f229f32b5fcd93ecda928be897e6739f0f60bfb9d7d469f71f66700966f55ee315dcfc4f9351834948e511cd6926d0cf8c1560783f435cb78374abc6f13c7079ad673282c4f723d07ae6baff008a12df5ae8a232b1cd6b26164623907b1fcea29bfdd3b9a56d7111b1c7f85a3fb4781fc40b2852b19de8587dd2179c7e54ba9c2b7f67e0eb49ddf6ce86366f6e053fc0389747f115b3b7ee8c01caf7e8c33564db2bd9f818ab151e6f6f5c83fd2aa2af15fd7514df2d47ebfa18babeaafa25cdce8fa4dba405240ad2a9cbbf1fa75adfbbb0d4744d192f75399f50b2b851f6ab793aa03d0afb8cd721e2e674f18def96a4bf9bc679e4015e87e2fd4f505f0548351d3817962292346dc213d1b1f5c54c5df9bc8753450b2df7398d13548ad268eda498cba4c8f882763f342dc108dedc01ed5d9c3018f6ac99f211406cff00bb83cfa7cd9fcebcd7c1f12dc687e24570adb2d848aa4771b8e7f4adbb9b4bdd4adfc39a725e490c33d8192420f5030707f022b4a737633af4973d93b7f572bea6d65a7f8845b3cb8d3af06f9120c130cb8c075f439ab5aee9eb0ec97c67ac99cc24f930c7805973d48f5359435af0f692224d274e37f70e3933763d87d6a1f14c9ff091037f25b496b7f671a99ed5cf2f1673b94fb64d17562945f32e8bb9a3a5ea7a6de6a5a1699a5433ac30dd198b4bdfe527f9d61f885a3fecad1d0b1785ee6e256d8724832e31f5c66bbcd07ec2b610cba5450c61a23b0aa6e6c9e993ebc107df35cdddd8269f74906c1240263796aad9f95d4ee78be85727ea287176263522a7e9ff00044f1cfd9a1ff847c698c069ef202b10e8181183f5f9883589a8ed8fcb7b88f743f6b8b7275caf993922af78cda0bff1569b3698fe7db7ee9a431f2a84bf5f6278a4d459a3bbd3a48e033b9bd89846072ff34a71fad2b6acb4ed1897350b88927d46119dbf69511903be4123f2ae9a3e541f515c74f287d42fda019537d26dc8e870b9fd49aec21398908ee05734dea0d5921f4b48734522453494b4500276a4a05029801e3919cd5bbb65959655df87504ee18e7a1faf4aab56b3bac22ee51997f91a09657c514b8eb45050da4229d4500348cd371521e282842862a769e87142570b91106929e690f5a2c031aa36e2a56151bd16190b0a89bad4ac0d4678a40478a691521a4c76a4323a69152114870280222290ad4869ac7d05021841ef4d2326a4cd30f4a4046452639a929a6818c65a61152f6a6919a56022db48460d48467a526cc5311160671498f6a90af7a6e39a40308e298454a45331cd1603a3a5a073556fda64b726db065ed9e9f8d6a665a14b8aced21af5a26fb7b44d2678f2d7000f4ad21c5002e28c502968001f5a5c5251400a0812460f76c55bd3bca858885833b5aa3baffb416441fa6daa47aa13c6181fd6b46c61812f2c2e11b63132472fa1dace47f215297bc69f66c2a7d85ed2ff0053d3e5b88e5891a66b590f0aed91bbf0ce6ae5aea1047e1466d3e4579218c45b06432bb00a323ea6a3d6b538b4ebdbb65b64b9f32dd622a3b824b7cdf40bd7dc554d32183ca3790c5e547730c6ed0e72032cea383fe7ad1769d9059357669e90f043e16d7e69902ed4fb32c7d48d8b81f9b126aae968b3689a6a9fe3b4bc8ff91fe956f40fb2dbd978a6eaec6577ba6cebd4b741f88aa1e1895ae748b184637249711803a9cc44f1f8d34eed7a7ea0d5937e7fa172c21b7bbf19dabde32a471d9c321dc71b884047f9f6a5f11cf6b737b75aa69bb4cac56d6dcaff00cb490f571f407f4ac892f6dde4b5835ed32586558d6332a920fca001c7e752cf0c9a278860125b4cda7da0c46cbce3233bbd3393fa51cda7914a0ee9f5b1d6e91a7b69fa75bdb36e2c9f78819f98f5fd31558c4ba86b6208c8582d023631b77c8791f90e7f1a96d756b5bfd3a7bab79c4de4c65de3dbb5b80783546df528745d2527bec3de5c8f3d94f3bf77a7a76ad9ca315e473a8cdb6eda9d0dfb4166a66b992345460199c609c9ea3f5ae3fc4577a2ea892c315f46b728018243c36ec67ad72fae6af7dac4fe74adb605215501e00ff1ae4756761264e47a62b0fadddda2b43ae9e02caf27667a5eb179a8d9f876c7ec6f1dc6a1210b29001247383fcab0c78567b98d6ef5abc95e43d224f9883e95c23dfdc5bb9114d229031c355eb1f186a768e764bbc3babb6eea70318cd6f1c4465f103c25482fddb47aa8b0b6bad106930c261b4272198fccbdf38fad71d6de1b8f4dd68c3ab1fdc303e44a3ee3367804f6a9b4ff001fda4cb22dfda940a0796109c67be7f1adc9757d07518a4b417e8eb32891b7f0a0e79c7a3735acb9276699cf055a8de2d68cda488da5c24368d15ba31fb88067a8c1cf706abde68116aa8bf6c8c2b88c8f315be607ae7dc73d3dab99d32e67d1f59b48ef19a5d3ae982c3367247385c7b74c8ad9f106b1168d8b5626e2f8003ca4ca8c76aabc5ad4cdc27192e577b98af249a66a42d3589a50c98fb35e27de4c700e7b8f5ad6d4d35dd5a37b4d5ee2de2d3d46e6b95c6245ed8fd2ab3e91a97882586e359db696e0fc91a8f9864d5df16e9326a9a2d95bd8b3442dbe55463c48bb4119f4fc6a145a4fb1a4aa479a3aabfe47393eaba4e8135c59e9892dcb490189e4cf0c4f6fc2accf3b59f857c25a84c926db4b83bd71cedc9ff0a8fc182de277b7fb1ffc4e518eff00357215720703f1aeaa58fcfb268aec9955b7854238e464600ff773f8d3845b5a0559a84927ff000e79e6bd6326a3e2b4b8b7940b7d4265304e0f1938fc8d777e369752d3bc16e92bc7741d4c7348570403c0207d6b90d4f4e93c3a1e6546934992502689b9688f6753eb5ad25ef88355b03a5a25bde595cc394bd3c0dbea7fdaa94ad75d59537cdc8fa239bf010260d7d54f0d60fcff009fad749664adee8b213c45a13b81f80ac8861d3bc2d6fa9c6fa8996fa6b568824632013ffd7ad1329b79b4d438fb44da118a353ddf8e07bd10f76360abefcdc96cff00c8e1fc1d91e28b197eccf742370ed1c6b9381dff0003835d97c52d46d63d5b4ebdb1643751868e58cf04a100ed61e8413587f0cdeeecfc580db5a3cf8464993a1552473cfa1c53fe2c5f5adeeb71882278e6850a4a5971ce78fd3f9d4c74a66d35cd884bc8d5f0ac92e95a82594aa3ec1796dfda0841e62f97247bf423f5aaf77abdd788278c681672b0b56571732615411df1f9fe04d5dbe8da2d443718b5f0f1cfd4822b35e1bbbdd5744f0ec3726dad65b485a611e016f9096e7d4815a6cac609293e6637c437f35a6a92689e19b410cde6799332283e612a0f19e83fc299345796ba86876ebb7edf198256de72b9c386c91ee71f8d3aef3a1ebf342cce5ad1842f2b73beddf9427dd5b00fb56c7886031dbc7790e165864528c7a8c9031f9e0fe1425d41b4ac92302091e49b5297cb11b7dba66da7d7e5e2bafb339b588e31f20fe55c932bc715e3dc144b99da5bb7801f9a20d8c67df835d7da63ecd1607f08ef5cf516a537a0fa5a523d051f8541371b9a5a083d973f8d202d819520fd681dc5a4a33ec6827d8fe54ec210838a9addbf75321c740c3eb9ff00ebd425b1d9bf2a015de09e307b8a018fcf34b4d76507827f2a370ec680b8a78a073d69323d451bd71d4501734f4bd305ec723c8e638d78c81c935d7456d07d8d607855a303182335434e8047656d01e188dcdf5ad45dc147cb935e861e9a4aece1ad51b76326e7c39652e4c26484fb1dc3f5e7f5aa12785a419f2aea36ff00794aff008d74c65d8172a4b11d14ff008d28990920ab823fd9cd68e841f425569aea71937873505fbab149feebff008e2aa49a1ea4b9cda39ff7483fc8d77fe6c7fae0654f3419502ee2ca17ae7359bc2c4b58991e70745d48f4b1b8ff00be0d412e957e9f7ec6e87fdb26ff000af4e5915beeb29e33c1a492548d4b3baaa8eecd8152f0b1ee57d6a5d8f2b6b2ba0706da7ffbf66a1920953efc6ebfef2915e9d26ab68a484996561da36dd525add8b8cfca54f619ce4547d5e17b7315f587bb4793f5e3229369af5d782293efc48df5506a0934ab0907cf656e7fed90a1e0df71ac52ec79410714dc62bd36e3c3fa638e6d117dd4b2ff002359179e14b6604dbcd2467d1b0c3fa1a896126b62d6220ce1c8e69a456ddfe85796996f2fcd8ffbd1f3fa75ac965ac254dc7736524f544445215a90ad0b1b39c282c7d00a8b31dc8b6d348abbf60bb233f65b8c7fd736ff000aaf2c4f1ffac464ff007862870682e883146334e22823149ab088d969856a634d3d68b05c84ad376e2a72bcd214e3ad160b9b7401eb46314a39ab201401d053a928a603a8349450004e28cd21e28a4306e54e6afe9925b26a916d9bca91da452ae76e1c6dc6d3ee1b3f9d513e945eed91ade19e125bcb574997aa3a838fc0f02a5e8ee691d558d3b19ed641ae5e5cff0005a4870cbce5d8aae3f055fcea3d0be6f0fd97393e5ed3ff008129fe34db382d24bed4cdd385b74b070493c12247506a9e8b3c83c33fe8ca5e78a291c20192712c47a7e7427dc6d69f71bde107b388788eeafdd4a2c8e0a93c1cb3741eb547c2f6bb3548d235205a4453232479ce32d9fa0e2ab697269faa5ecd249673417b123dc3c40e12465e4022aef82750b7962fb3c8cb0de48ed23ac80a9624e720fe55506b41544d29346aeb51c77577a7e9b2307924977b9ce708393ee39e2b7e76c42ed70408f1c9c7ca063b83fe79ae3c6a36b697f7dab5d313b5cd9c11f53f28c9cfd483f9d73be20f135d6a93958d9a2b65385407a0c0079efd294ebc609bea10c34eab496c8b37daa4763a95db69caaa650d0c88a328467048fae2b0ee653236fb87666002804f403a0aab25d22642f2feb5a50595b7f66cba86a97296d14647cae705c7b5702552b4ac8f4dba74237649a2e9175a91799548b78c8de7fba09eb4dd660f0ae9f75716fa86aabe63aef81d5baf6208fad79f78dbe275d5f8fb0e863ec9691af97e6a7caf281c64d79c3b4b33ef91d9dbd58e4d7b14307182f78f2aa62aa547a3b23dbe11e14d46df4f5b6d5122b8924f2a60edca9f5c7a551d53c333451cd3594b1dcc31cc61ca3739e307f1c8af218e27ce4139abf6d797d6ea520ba9e35241215c8048e9c55cb0d07b0e188ab1ea7677161756b3347710c91b2f50c3d6a34ca1cf22a2b4f1e6ae8b3adfac578b34422632272319c107d79ae820f15786f56bb76d4ac24b2dd06018b90241df8f5ac65857d19d31c6ff00323364d4aeda08a279e468a2fb8a4fddfa56ae9fe27ba8b571a8dd85ba9426cc4a3db00fd7a54d0695a56a874f5d2b548b7dc444b2cdc6c7183b7f5fd2abcbe1ad416c92e5211244d218b319c9dc0e31fa562e35626caa509ab33b2d23e22e1a14d42db7ae31348a7e66e382076addb5f1a6937e618de45b779010dbc7ca9c8007be7f4af1e9ece7819d648dd194e08231835577b2b753551c4cd6e672c0519eb1d0f61d7f4b8356b65bcd2e70b7cb199239239402541fbac73c9eb56746d66d67f0dfdbaf524b792cdc24fb94b64edda197eb9e7f1af174b89a36cc7232b74c83838abc9afea30591b3fb416b63c98d8020d68b10af7b19cb02dc796f73bfd4aef53f15ac906956e2dec25ddbee26e8c0738fd07e55746952e9be11b9d2b4f9e696e9c79cb2e36a825802a0fbe08ae7f4cf882a2d61b7bdb15091a60793c02c3a1c7ff5ebad4f15e8976e91c378a1484c06383b99ba1cf60715bc5c25adf538ea42ad3b2e5d11ccf80f49b0992e5f528ccfa845260c321c18fa72477ce6b6b5cb1fedc859a622192ddffd1e58c7fabc1fe5d3f2a357b391d7fb6748c0bc80b2f5c0b841f7a3c753c0c83ef56a0d5ac5f4c8755322c564cb9db21fb8e339503b907bd0a292e564ca7294b9d187a16a5769aa4f7915bc32eb36a8d15dc0876fda23c821d7df81599afe997fe31d4a5d5ad2cc5a5b1023ccec1492075c7e9f8532d6daf35fd723d474989aced6070a6e1db6e70dfe78a3c7171a9dff008a134b86622ca764687b2905796c8ec39fcab37aad4e98ab4fddd1dbee3635695649fc42f0c8926cd2e284ec395dc4918cd57d3b4f4d43e264a82e1e03630a14d870c4aa28c0f6e4d3ec7c3eda5683a8a5b4e2e6eee5500dab85dc877e33df3d2a5f09c765a878bcea92bb2f9e199109c18e7c0dc8df4e48f5fc2af56d5cc6e92959f4ff0023275c592f3e20cf05f2af2af1fcb90197cb254ff2aaf77e7ddc3662eef4db6990c10ef5ead236c56c0f5393dfde96e24b84f88d22cf379ccaf226ee33811b63f1c62a2d6027f6669fe7fc91b4d0ef27b28823cff33595f766f6b38af2469dadb5b5d5bea37b19f3649e4663213c84fbcaa07b8ae834f2ad6c0c7ca6e60bf404e2b1ae65834dd53568e18f75aaaaba05e41242e00faef03f0ad6d27fe3c6321768e78f4e4d2abb1922e628c52d1580c4e9494b4714c04c52114ee949400da64c0f94d8ea07152e29a4641a0400874471d18668c74a65b3e612b9e50e2a60477a624348c54d610f9f790c671f330ce7d3bd569a45890bb9c2e40cfb9fff0051aaa3589ad5cb5a44bbb05433f38f7c0a13d751b8b6b43d3604ce5cf53d31e950df6ad616073797b04381f75dc027f0eb5e51a86a9a9ddf135ecfb7fba8db17f218acbfb3824939dddcd76c71092b24737d59b7ab3d1f50f885a5c0e56dd67b923ba2607fe3d8ac3b8f89928cfd9f4a8c13fc524bfcc01fd6b916b6039c7151496fed4d576ca5878a37a6f883accd91147676eb9ce12324fe64d529bc63e20dc48bfd8a7b2c283f2e2b1cc24b7039f4a952096543b6362abf78e3814fdaf7635417446847e21d62e399353ba27a1dafb78fc31525bdeccf28696692471dddcb7f3ace8ed24565da07cdd391cd68470b2c7b994819c671c544ab43ac8d561a56ba89d0d8dc82549c237d3835d2e9f747e5c9c1ec7b570e91cf0b60c52600c9f97a0f5ad5b0ba91555cc722c64e371e99ac1d48b6acc995195b547a0d9dc093ae3357862b93d3ef829049e3d8f5ae8edeea39220dbd403ead5e852a9ceb5dce09c3949d87f9cd579173d455939c704fe750c8315b105295791593a9e8d6f7c09c7952f69100e7ea3bff003ada900dc33f9d342e5e938a968cb5271d8e5349f08ddbdf16bf9235b44e81064c9f8f615d9db58dbd9c7b2d614887fb2304fe356e35c20a46c0ebd2b18d28c1e8395494b733e658d1c2bb365f900e4f4a85c86f99242aabc104103b1e87dbf9d5c92585802245e46460e33559a68f763637193907d38f5ff39ad9233b99af670dc4b20b8b5b6954fdd611ae71f518359f71e1bb2982948658188ce15f207b739fe75b323c3233865742980599481edcd4e03632ad914a54e32dd14aa496cce4a5f0aa05263b939f474c7f2cd63dce8b716e0996de6dbeb1a871f5e0d7a190dce467f0c547956f9b0411ebdab196160f63458892dcf2e611072373803beda6b7963a393f857a4dd595a5d8c5c411c991f7b1cfe7d6b1aefc296ec49b795e3f661b85734f0925f09b471117b98b8e6945273d29dd2b94dc4fa52e28a5eb40052e28c51d280108a36e29694d0318688ef9239596542d848b69fa4c377e8686e4804e33523186149249bee7d9e64ce39cecc8fd454c8b83e85ed1e3b41aa4dfda18f2858b9653df9ce3ff001fa97c1f6ae649a48d4848235b68f69c02c3e67c9ff7863f0aa33086eee7cb6b76374b19b8b661d25c0c943ff7c8ab1e13d5e38b43ba8b322df5b21728c3efb124647e24669c5ae6d4724dc1b5e45cd320fb578a6feeb2a44682df72f059b1963f50081557c7771676820f9bfe2630b0688a800a60a921b1d7839aad75abc7e19d38e9f6a44b7cc332c99ce189f9b3fd2b8696e249a7335c39793a658e49acab564972adcde85094a5cf2d916ae2e5eea6966738f35da423b649c9a48adae2e8ec86362a065881d07ad5cb0d28cd0b5dde3a5bda45b59bcc3b772ffb3eb5ccf8b3e24b98d74df0aa2c76b129417657f78e0f51f4e9cd4d1c2caa6b236ad8a54fdd81b9ac5ee95e1156935168eeef14663b643b8367d4d790ebbaddfebd73e65d3911027cb854fcb18f414ab6b35d4ad2dcbb3bb9c924e49ad0b7d2bfd9af4e9c2149591e74e52a8ef2673f159b13ce6aec363ec49ae863d3b180178ab71d8608c015a3a825148e7a3b13fddab0b6031c8ae84590c74a70b5c54f35ca39f1a7e78c520d30679eb5d22db80791522dbae7247029dc4731f6090636e411c8c76abf697dab59208edaf6e1137897606c8dc0e41fcc56cf92bd80c1a8de119271d2a95992c71f16eb4ff6a5b85827174a03974e8c06370f7ff0ab03c4ba7dcdcc8da9e8c8a1e1db981ba3ff00780aa023539c8a8de04c6703dea5c22fa0d49ad8d1b77f0f5dc90c6d7535a1784967953e559063033e879a90f8667bc8ad1ec2e2dee05c4266408e33800647d79ae7e6897694da31d6ab80d0c8b240ef1c8bd190ed22b195081bc7115575346e2ce6b448cdcc2f1875deac47de5f5aa536d560518e2add9f89353b1f211e44bab7863788453a86f95b048cf5ed563fb5b42bbb66179672da5c2db2a878b95328ea71ef58fb069e8cea8e2bf9911e9be20d474ee2d6ea4451c85ce47e46b7ac3c45a7dddad8596b36c56d6da6126603f7b279c8fc4f4ac797428a633c9a45f457d0248910da70e4b00471f538ac9b8b2bab55df3c12c6a4900b290320e08fce95e70d194e346aeab73dbe26d32fe38a3d26f20961e592dd0800771f29ef8e7f0f7aa7af6906eac30a863bbb653f679067a818c67af518ff00810af1b86e2585c3c4cc8e3a153822bb2d2be20dea882df56885e5b2fcac7eec9b703183f55cfbd6f1ad192b4b438e783a907cd4ddced745bcfed4d32395626837fcbdd8a95f948febcff8d60b4505d78a4d95a48ec97c0099a3e1a0917eec991d1ba8ff00f5d4b6d75a76a963a8c3a25f3d8de6a12472bc32fca23ebb82b5749a3d841a469d245a68dc1b0ef724866933df3dba8c0ab5efd8e76fd95dfe071377a8e9f6b771dae8ba7bdd6a68ceb2dc4c0991df90481f9d45aace21b9d3e09a232341710f9b0e093feaa2007d4e1aba49eca1d2fc482ea10506a0be5487186493aae3d37608fad61ea8f143e2ab736a45c4bb82bf390ae1b31e4fae463e86a1c1d8d6134de9d8b77cf18d6b5c7b73855659178c61b682783ee2b774a564b24472c5d7825ba935cec970da83eada9790f6f0dd01b124fbc70986e3ea6ba0d20916ecacc5ca9c6e3df81cd675362517bbd29c518f4a2b21887da8ed477a3bf34009d68c52e38a28108698453cd34f5cd005583e4bc993b380c3fcfe15685569062ee173c6322ad639a622486f63b4f323bb88cd6170024f18fbc07665ff006875acbd5b4b7b0b90a1fce82450f0ccbd2443d08ad28e2f3e44880c9760a3f1aeda7d1e0bdd28593288ca73131ff966dfe07b8fc6b4853735a19ce6a0efdcf2868ce73838a62c4c5860706b62fed24b3b89219e3292a1daca6a9b213d38a4b4d0d39bb12c5a4cb2af0a33b03e1d8271ebc91504d6765e4c4ef771c4c491246a19c819ea0818fd69676925937dc3b48e0601639c5569632c0e060566a1376e691a39dd6882daeecadde459209cc04758e40ae4f639c74f6a6ea3acc05a17d36d9e39225dacd39571203d770c73d3daaa340c4e1aa278447c93c56ab0f4e52e6643ab3dae126ad3b795b16087cb7dea21882e1bd6923ba9d83ee9a4c39dcca0e031fa0e2a85e1543b947cbde9915e2e3dba575c29c52d11936d9d04133ba042efb7d33c55b8c7d6b0edaf36e322b56de7dea4f242f5c0ce29b8226e6cd94cc8073c7a1ae8f4cbff00224538e3bd71c926d058b00a39249e2af5add862a013c80dec4562d38bba25c548f4988c37108650194fb53a41e9fa572ba4ea0d6ee307721eab9fd6ba7495668c3c6720d7652a8a6bcce594395911fbe68887ef052f5c9f7a92dd7320adc96598e40cf226394c7f2a4990b29018ae4751531e7ad348ac80cd9e1f982f992e305b764600e98e950344a61077829ea4023f4f7ad19f780368efcfd2ab1f38a6360e9dc77ad108ab3e4a811b215eca0904fe22991acdc842401fc2e339fa1a9d59561526360a0f1b4e290e182ca4ba96180a7b530218d24524190af18009cfe34ab2a9501d86e270015c134ad13b6dde030eff00e34d657442c8cdc71b5867a7f8d0223263719208c1e09e69ff003807610dec4d44634d8acb1323eece17e5f6fa1a54808e431009dc6985ce240a28a5ed5e09ea894b40a2818b9a3140a2900bda90d2d21e05301a8332038e054c044658cdc63ca0c7767dd597fad322c804f634d986e2836ee52cbb9738e323f975fc2a65a21d3dcd2d2e3679347f30b2b22cafcfa74fe4c6a978def2cec5de3b75db7d2a18dcaf6538ebefc0c1aae9aeb69b604c8a16f218bc8556ecf9e7f0e01ae49166d42e0925a495db271c926b2ab5525cb1dd9d5468b72e796c848e39676c8dcce7f126b62fec6cbc3da78bed6e419db98e0072cc7a8e3b8355f55d66dbc256e2384c777acca32aaa72201ea7dfdabcfe6379ab5e3dcea533cb239efd07b01daae861d47de98eb621cfdd86c5af15789b52f13c91c43fd1f4f45012dd0f02b3ac3481804af3df22b62d2d2346e9c01c568c510c0c715d8e7d11cb6b19f6fa72a8e9cd5d4b50a0f1cd5a083f3a71031d295c456f22956303a8a9b14d38cd09806c19e29ae00e4e29fce2a3906475aa4c2c33393d28e718c52018a70fd29f30ec371ef4c71c63d6a5dbcd0e954a42b155805a89881daa6948008155cb669dc562b4df31354a7c020839ad0914f39aab24449e054b2d19f2f249a81c7cbea6aeca99aad2260fa541a245605a2916485da3910860ca70411deb5ad3c5fac58c1e4caeb7b6db645f2e719fbfd79ebd79acd2bc714c650cbdaa9489942e6aff00696977b70a2dcbdac9232a8866e99239c374c6477f51534b04b1247284dd148bbd18720ae719fd2b97b9b60fd69fa66a5a9692c0d95c3040413130dc8406dd8c1ed9f4a974232d8d63899c347a9d0b4ed13029907eb5afa2f89af74e2fe4c870c3f8f24020100f5ed935831f896caed55755b236f2027335b0e0967c9257d813d3d2acbc11cf0f9ba75c25dc58c9d83e65196c023a838526b174a707746f1af4aaae591e849e29b4f10e953595c9fb25e6d26121be52ebca73db902a49749bbd43568daf1bec963118a4710af334e543b7e449e7b5794fcc8e493ce6baaf0d78baef4c3e55c7fa55ab75473c8e3a83f97e55a2a89fc4633c33826e91d2cf1cd3ea3accf79210f1931c718e81721b1e9d38fa9adef0f323580f2892a08009fa0ace592ce458b52867135b4d19594f46dc012370ec71bbf1ab1e1404597cc36860ae07d454d55d8e75aa3768f7a060506b11077a0d1450020e28a2814c0434c0803120633c9a97eb4d34015ee0108187639ab248201ec79a8a55dc8c2880e6d533d471544b35fc3d6c6e751c8fbb12eecfbf41fd7f2aebe25ba53c491903fd9ffebd64f84edbcbb03311f34cc4fbe0703fafe75d00e9efee2bd1c3d3b42e70d69de5631fc43a41d4edfcc455fb646309b463cc5feefd7d3f2ae0a48761c3707d2bd54b10a79c7e19ae63c5da4ef57bdb70378e665518ff0081e3f9fe7eb596268dbdf89542a6bcace29c03daa07ce7038ab0fc71dc54320e09ddb7d4e715c699da914ae7009ce40c13542475231f31f5207f8d5eb840ac77707b9c64d675cc8abc283d7824e2b68b138946e76e0f158b3b6c73b7807d056cc9296046401ec3dab1b52576e549c0ef9ade1226c3ede762c3748739c8c9ef5a70dda965decacdd077ae484fb18ee271572dafa32bc8e7b66b6b12d1dc437a1d403cf3d0f7ad18eef182b96627fcf35c15bdfed3c1fc2b66cafc3632722b39215ac76d617a493bb6a8ec0366ba3d37513132e3943f7867f9579f5add2ab646715b5637454e472a6b06dc1dd1328dcf488645911594f079ab9683926b8fd335131119e633d47f5aeb2ce6478c323021ba1cd77d2aaaa47cce49c5a65ea631ff0038a4dd81dcfd0669aee7791b49c0ce49a6882399a50e8110321cee27b74c7f5aad24ef1805e16c724eded53898b636c67ae0fcdd29a647e7313f1e841ab404334b1b958cab3163c0c714ac8a57691c0fc29fb94f700e718618a6cd099178661d7953ed4c0ae61652e558e5b91ed42b4aa4024118e723bd288a48a3091b818f5ef48d24881cba6e03918ea6801a433a7ce801e9c1c1fad4263daff7cb649c863eb5695c9186420671c1dc2a09600ec724907b7ff5a811c1d14b8a00af08f584c7a5281cd03229c3340052119a0d29a000f4a6b73803a9a09f4a45e6507d281325031c7a7148e9bc81dce7f9528e0f06a1bd768e0675eaa3353376572e9ef639af164eb26b52a80015001f738e4ff21f8555d5f531e1bd26136acbfdab78876a9ff96499fbdf5a794595ef353bf573670a3cb2b7bf5c5795db6a93eb5ad4b7370ecdd90139daa3a0a30f4b9af519d35aa24952b9bf0465dda6958bc8e77b331c924d694381d3a1aa9074ab299ad1b33b17130319ab31be2a92e48cb5598cfcb907f0a4d8ac59079fa53f03d6a047e6a61cf41c535225c4438ed4c6233d6a429c6698c836d5262b0d0de869b21e3de80a734e119269dc63179229c067352ac405388555e695c0ae7819350bc848c53e799738a800c9c935498586905bb522c0c4e7153ee0a067ad31ae369e0552909a18f073eb51b5ab303530ba0396a67f682063b46450e5712d0a6d664039031eb54e7b7c76ada6b80e99c647ad47246b229e6b36d9a267392c47b0aa8ea54d6f5c43b72062b3aea3cad0a459448047bd37ca041c8a5c153cd4a80679aabd82c5496d94a9e2a83c725b399217789ffbc8706b6dd78e6a94ebed5b53998d4858b563e298770875db513444f33c436c8bf7474e87001fceb59ece292ce2bcd36e12ead5872c8726338190c3b7515c5de5b9284e3ad59f0e35ee917897768c46d20b21fbae3d1877ab9d184d5d68c54ebd483ee8edf41d45ec6761280d0480a4887b83c67ebef5e9fa3c8924eed03ef8648d1d0fb7231f80c5797da4d61aec724da73241791afef6d09e588c64afafad759f0f6e899a4b7727ee92a0fd466b8a69c3dd6744dc6a2e789ddd18a4a5acce70c514b4940094b4506800a6e29d486801ac2a18012658c75ce454c692d9843a8c329018023e53d0e3b55a135a1e816a9f618208245c2850aa7390702ad90f9df13023ba9ff1ae73fe12604aa4b69fbb1e8d93f9f1fcab42db5eb06c61cc47d1c607e75e953ab1b6e79f3a72bdec6bf5fafe54e65df1b236e008c647355e2bcb7b8198658d8fb30a9f763af15bdd3465668f39f1268b269b29900cdbbb6148ec7ae3fcfbfa57372b806bdaaeede1bfb392dae06639060fa8f71ef5e43e21d366d2afe4b698648e55c0e1d7b115e5e2297b3775b1e850a9ceacf7316e0e54e2b36520e771abd286238e954a584f7e2b1523a1228cc00e47359d759d8db7073dab65a2e79a8a5b50dc815aaa96071389bb470e73903351c5bb38239ae9afec4919c0cfb5644b6db5816c9fc6ba6359344343614271ce0d6be9f9046493546d6300e0f07e95b169031c616a675056362d7181b4fe35ab6cc15b21988aceb285863238adc8adc951815cb298d44d0b22ad8396dbdc574da75c490c788f2549ce0d72f6b13c646338f4adfd3a5d9c303b2b1f6d283e68913a5cc75b633096319ebe953cde6053e485dd8e370e2b22dee563c321ff00ebd68c3711dcedd9260af257760d7a785c542b69b338aa529435e84ca18200ed93eb8a6b01df1f9629a154f5767da49003fe951b2cfb10a9c1fe253cd77180d7b75670f8e9f8d4421752dfbc23a91db1c93fd47e552b33a293b558a8eff293409c60e5640319e99a0045f332439c8ed4dfc3f2a7ef5270383e872a691c1c77c7bf34806300306a1994bedc36d2a73c8c8e98feb533671c1fcaa303f3f6a633cfc74a5a41475af08f5431cd2d1e945001494bda93bf340094b1a10c58fa518cf1eb5292a402a72303b629098d02abea39fb04d8ebb0d5aa8ae90c96f220eaca45292d0a8e8d33cfbe256a474cf8776d6501225bf72d2e7fbb9c7f4c7e35e5de1507cf3ef5dcfc5c4274bd181cb0488afd0e726b8ef0bc6320e3a1aeea692a046f56e75a8b8156a13cd571f741a96219e86b8cea45c07b5212477a58d4e2a5588b1c638a62b8d85f079a992e30d8e951bc1b3e652734c2848cf7a560b970ca3d6a456dc2b38120fb5588a618028068b4e98e697207029a1c6deb50bbfa1aa4ee2b13b3102a277dc2a2f332a413504d2ec524526348a97b2ec7c0ef559ee590e0354375233499a228f78f9aad683b0b2ea2d8c1c9aa4d7b70c7e5048f7ab8d08cf41562dad54f24552925d08713344b3bfde43f85598a3c80ce1856c476887a20fad4cb68a074a7ce4d8cb88b4630a7703daa532fcbc29157de2541f70542554fa0a4da6348cc9a656ea086aa52b83c77fe75b52451c9f78d52b8b15906538c545d1a26644918eb4d8d704d5c3032e43024540cb863818a2e58ac3e5e959f7208248e056a0195aa5709c115507a933574416b6fe781b855dbe4f22c9f62e5b1814fd2546d26acce564213db9cd69ceee67cba1c6e8d3dcd96b91dc5b1c4c87233dfd8d7b3f83de29b58b7b9b71b639e3672bfdd3d187e66bcaa3b32baee00c020115ec1f0eecca5a99980c02fb7f1dbff00c49aac4b528a6674ef0ba3b4eded474a5078a2b84a0a3ad14530101f988e6948a28a000f149d696908a0069aaf72c51038fe139ab073f8543709ba261ed4d31164b670c3a119a426a2b36dd6b19272c060d494ee20ce0e71cd5a8350bb83fd4dccabedbb23f23550f5a414d49ad9838a7b9b907892f62c07114a3dd707f4a83c45aadb6b16b1c5770793229fddcfbb2a84ff007b8fba7bfa75ed5924d2300ea55c654f6aa7564d72b25528a77460cd1490ccf148bb5d4ed607b1a85e20d9c8ada92232010b0ccca3113f52e83f84ff00b43b7a8e3b0aac96e09e467d0d73c9f29b2d4c736fce429cd1f6662320715bc96c0f04735721d2d9d72e151319cb1a8f6b616a71d369fb866a949a3e7f8735e8726976f1ae0ccaec7b28e2a38b4e0c4821463b81dbeb4d55bec3b58e0a2d15bf850f1df15b165a698c0dc31c0c8ea6bb18f4c505766f938c7ca38c7e1c5595b086d977ca22840ef2305add53ab3da2fe7a18caac23bb39db7b0007ca8ecdc8185e0e3deb62dac1803fbbe3b166c668b8d5f4c80022ef7e3b5bc65bf5a92cb50b4bb19b79d19f3c472ce51bf2c569f53a8f769193c4c7a1656d1e36ff009658c7439ebfe14e11cfb86d08178ced5ebebd7f0a8ee935258d9a05b656c71f296fe74cd2f4dd52f240da85eb88fba44020fcfafeb5aacb74bca466f16efa2341124230073e8bc9ab96fa4cef24723fc9b183024f35a56c2cb4f876a145c7539c93f534875bd3c1c1ba881f42e056d470b4a93badc89d69cf464c2c63f2d5189c2f4e7a50f1b8fbb90dce06ee05247a95a4ac0473c6c4fa366a513c64f0e33ef5d9cc73d885527c7ccc9d7a63b545fbc50e1d37907a8e3357320f4c5069dc2c54f3177e19487e9d33d7ff00d54a769e983f43533a2b0e4542d6e8061411d3bd3b8ac46d9079e7eb4d3eff00ad4c10aa8f9b9c735195239c7e540cf3c3477a28fa57847aa2fb52514628017a5251480d0058b0844d3f39daa37123da9aeccce4b9cb1e49abb67084d32698f0ce7681ed5409e6912b562d28a4c714b4ca38df887a3b5fe8dbe25c9849c81d704fff00aebcb7c3f035bdd4b138c0ea2be82755652ac0153c106bce7c59a35a5bdd8bab095038397881fceb7854f77918adef5cc8db94ab36d19245471b00066ae43f2f3dab9a4ce945c8635dbcd4876af422b36e2ece76c640c0aa2f72e0312c79aa8ab93246c4b22004e79aa735da221248c563cb71239f9738e95567591fae6b554fb93734a5d55002063345bea21bb8cd629b624fcc2a54b571f73229b8c4b89d1c376ad8e6ace32320d73b6b04a8e32d5bd6a485e6b1968f42ec480656a09518f4e9569b9e05214c8aa4c932a4b7ef5091e58cf7ad29d70a4d644ec777278a6b50b8e32e0f35a568ebb416200ac0f3019f041c0eb57e164203cedb50745cff003ad7d9994a691d0477311e230cc7d853dda4c6442f835909e21b483f7702ef6032150563c9e3d695992dad090067e63cd690a2d9cf2ab63a0bdbb30a9dd19cd65b6a71e7e65615cfde78a67b898c42dd771e3835917ba94f1b619429f4abfabdc4aba476d1dfc4e701bf3abb13abae41ae034cd42796500aae3debadb39d8818209ee0544f0f636857e634a58f2a4f15933a632715b6a37a0ed59d7698245734a3ca74425733d18f7a8e65cd3c8daf4afc8144773496c2587c99fad568ae0cba936d3919c62ac02238dc9e0552f0fa19f53e3900d6f15bb31b9a691e75b18ec993c57b2786a01068962abd4c4ac7ea466bc9a3641a85cb8c6402a2bd934d509a75aa8e82251fa0acebec919a2d6290d19a0feb5cc313eb4b476a0d00266941a4e94bc7e345c00f5a43d282690723ad300269a7907ad2e3d293e9400cb2c88e443fc2d531a82dc95bc65fe175cfe3fe73539f7a648c622834a7a534f5e68282928ed49cd00248a244da4907a8238208e845064df967004abfeb001804ff00787b1efe87ea293bd35d771054ed75e8dfe7b54ca3ccac34eccb96d6ef71cc439f7abef6c23833712a281d7e6c63fcfd2b0259b5275d8b79e4a7fd32400fe673fa566cfa4adc36ebb925b83ff4d5cb7f3ab852a51df566527525b686d5cebda05a1c35d89dc7f0c0a5cfe633fd2b2af3c712001347d1f3cffacba6c71ec326a35d2e14036a0e2a41668bd16ba235943482b19ba3cdf13b99179e20f14ea1957be4b543c6db78c0fd4e6b2ffb2ae2797cebab9ba9a5fef34ac48aeb85ba81c014be501da93af2652a31463d9c17307fabb8941c776ddfcf35a914f7070b731c1709dc326d6fc08e9f954be58a502855a5dc3d8c7b1ab63afcb651189ad5e68547c9861bbe868b8f183470e4595c6ffee285c7e7bab2e8201183cd3fac4b625d08956fbc6ba9481963d1a265ff00a6f3e41fc02ff5ac89fc5de21c621d3f4888740042c7ff0066adb7b7561d05577b453fc3cd57d6593ec2273b2f8afc4b91bacf4a6c1ff9f5ebff008f5247e39f11dbb83f61b3c0e823f3100fc3711fa56e3d92e3eed40fa7af4c0aa58817b04476bf15f548062ef4adc7fbc92ff4c7f5adcd3be31d83fcb7d69756cdfde2bb87e993fa573efa68e7e41f8d539f4789f25a207f0ab588443a07a969bf11f40bc03fe2610a1f490ed3f91e7f4ae96d356b4bb5536f3c72861c14606be799fc396eff00f2cf1df8aa47c3cd049bed269616f5462a7f315a2ae897459f4f6e07bd21f6af9dac35cf16e9447d9b5596745fe09c0907ebcfeb5d369bf15752b62abace90241de4b6623ff1d3fe35a2a91666e9c91b7d69734dcf34a2bc83d11475a3da814724fb5260277e290e48381cd2f7e2a7b08fcebc8939c6727e94032ede030585bc278246e6159c055cd4e569aedd89240e067daaa76a098a14d2743460f1463341467ebb33dbe993c8990c00191db2715e79a85a9bb858ab124fbd7a8cb12c88c8ea19586083debcf3c4f13e877db9549b59395da3eefa8a71dca898caad1c681ba8186a7adc761cd3de54bb8c49130656e322882d769c9a4cd50e8612ed92300fa5586b246183c9a7c642f4c54a2651cd0a5d819563d3507ad4a6c100e5454c9789bb19c9f4153485d9321428ff006ab457666dd8cb96cd07214567dc7eeaaf5e4e154f99363e95893dd41bce65cfe35d11a4d91ed522cc73fa56ad94c2403d6b06dd5656dd048ac0755ef57ecc324f8e7d6b9ead3e5674539a99d0a45914e31e060d3acc16519cd5c307353022462dd4790401c5624d162701ba1aea6f5428c74ae72f94ee241ce2b64d26114d9435d58f4cb632c80967236e05676862defa74b9d4efa286dcb7fab2f827eb5a7a94ab7d64b6f7233b0e41aad6d6966597fd16107d715db0945a38ea539a7a9d2eb76be1bbdd261365a95a41731a6036f00363d6bccdacdede66512a3e7f893906bb23a7c23ee5bc4067a819a9534f12051b1703b62ae3348c3d948e3ed09b366922b7f36e7a02c385fc3d69874cbcbe9bcd9d4f987d6bbfb6d2d4018551f8569dbd844a412064529564b62e145f5386d37c3b29652e38f4ae9ad74bf23a2e2b7d21541f2814920ae3a93723b60b9519657cbe0d67dd1cb1ad3bf70056448db9ab95b3a208a528f989c535454f32f1c54680e2aa0548af700790ea78cff8553d024fb233161cb0c0356efd4b42aaa3ef3609ab56f64be500c3b715b735919585b4527cc91b9ce7f1af6bd3815d3ed94f511a83f90af1fb180c97315ac632d2305fccd7b3c4bb23551d00ac6a3b92c78a4ef4bda93159080f5a28fce8a0042334726968ef40075a38cd274a534c04e290d29a69a044601fb4c4541249c71561c7cdc556958a6d75ea8c187e15637f98aaf8c0619c7a5310d39ef4da71a6f4a4310d21a52714d26980949d297bd237340c6e71d6909cf4a522908e38a004e94d3cd2d14c061a4eb4ecf3487da8010fb50452919a0702801a066942d2af4a5340861e2931914a69280b0d2067a534a0cf4ffeb53fbf141a2e2b11f9629ad083daa5e49a3345c2c5568073c544d6ea7b55c639a68e78228b8ac527b243daa17d391ab540c76a4c53e662e52fe3bd1de9692a4051ef49de83ed47e3400bc56868f13fefae1480b18c73ef59bce78ad84ff47d170701a56cfd452148cf76dce49eb9a4a0734531a0a28029681898ac9f12e98353d39d147ef53e64f73e95af49402d0f1ed2ad9ad26b9818606edc0118c763fd2b419fd39aecbc41a3453ac97708d93aa9271fc63fc6b87209242f5a7f1335b956f2f7c9538eb58173ad61cf9920ff00741ae867d224b8524b124d73d7fe17ba321f2d41f7ae9a31a7d4c6a4a56d062789c2708829f75ae6a57310f2645c1ea14d410f83ae5cfef180ad183c20231f3bd74fee96c73fbef7392b8b8bd798f9cedf426ae59a32a318e06b89587523e55aeba2d060857e48831f561521b7206231961d80c0157ed52d85ecdbdce6f4ad3ef52fe194858c03caab678aec6d57ceb9240e2a94364e8e0eecb37391daba4d2ed045182c39ae0c455e77a1db461c912d5aaf96a3356cc836d5698ed1f2d529a66c719c5631762dc79892f487c8cd65496f96c6335399198e2a5832ce37702a9be6d8a8fba62dc59039c8aa8b6cf1b71dabb036a922f354e6b119e2a9294760728bdccab693a022b4a075c74c520b1cd4c968c0715b29bea64e117b12260f4ab11a12699142c31c55a8d1854b95c5cb6011e05579f0055c7040c567dd1241a1ec3463df9cb567b7b5685c0ea6a849d6b999d31d089c641a6a0e2a43c522e306aa2391566cb9000c0073576073800f4a8acbcb91a4524641c54ae9b1b0a73f4ad99925a9ade1d658f598a6c03e582dfd2bd062d5430cb2647a835c568767e545e637df7fd056dc20a1e0e2b19459eb51c146505ceb53a44bf81c7dedbf5ab2b2238cab035ce2e081b862a45de9ca9fcab3b326596c1fc2ec7459a4cd63c37b2a632770f7abd05da483e6e1bd2838aae06a53d7745aa4ea68cf1466838ed60a3b5293494c00f5e298793923914ea4348064832a47b52d9beeb7c63ee1c5235476676cd2c7ea334c4cb049a69a71273487ad00348a691d29c79a434c06d068a420e68189eb4d3934ea69a004a43c53b141e68019c50450714bda801878a322940f5a31cd002507de83487a530034da53494804228c51de8340086929d486810d23a51da9d8e29a476a00293a52f4eb4753401781e297145078a081290d2f6e29ac6818e519207a9ad0d4490eb182db5140daddaa95accb0dd46ecb903b54b34865959dbb9cd227a8ca28efed45328296907bd29a401451476a063645dca41ee315e6b3c3f67be9a33d15c8fd6bd2eb83f1447e56ab2b0e8d86a572e1bd896d76102ac322f702b1ecae769009ad58db7a8aa8b0946c4720453c002a09403d055896324d426339c5744599345629bb86a6bc436e1455f5809eb4e9230832714a73e88718ea675b5a807245696f006071545aed55885a3ed01c8c7deae666e5d28641914c92dfb95e4d5cb11b9466b412d55f9a715715ec72f2da9dd9151c84c58fd6ba796cd7eb58fa958b853b46456fec9c50b9d3290bf445e586476aaf36a01cfeece6a27d31cee620d64dd42d0b92a4822929f465aa69ec7416f78c1b0c2b5ade447001c572303492a865cf15a763765180738ad1ad2e8cfad8ea52218ed4f11806b3e0b9ce39cd59fb403d6a549038b1674001acabc00035a524b9c8ac9bf7e78a726ac38ad4c6ba6f98815419bd6ae5c1cb9cf009aa1275ac16a7421c4d2c5510352c7f7ba56915a817351d291248a48f31bc912390bfc591c9fcea2086ca646933b7dc574baac24369808eb0107f0dbfe35977b6c4ef47c95f4ad6afbb2b1eb60214ead2551ad4d3d2ef62994283838cf35ae8c188c107d6b8cd31b64a6094e79f94fa8ae823803ecc338c7606b26cf47951be89b80c53fcb23a565dad990c4f992807fdb357d23b94188e6ce3fbc3351b8f917724dbd01e0d1b4a9a995d9b896303dd6a52801f948653daa5a329268482e190f2772d68c6c2440ebc83556c6de39a750e76a0e5be95d28f2e7da59563b78fa003935bd3c3b9abdcf9eccead384d24b5317af1456a456b15d5c36c531c6a3f1aacd64cc58c5931aff11a52c3cd1e72ad165326909abcba74be57987017b7bd52752ad8231594a9ca3ab45a9296c466a24711dca92a0eee33e9529c557b91f2e46720f6a91b2e370c690d3dbe6557f519a8cd0084269a78a52734da061486909fad1de800ce683c51da8340084d07d28e9413d2980520e452d20c8a602521f6a75262801a7a521a711cd2119a40328a5239a4a003033494a68c0a0421a4cd38fb5368014f4a69e0e69d9a6b5002119148471c52e78e683cf4a432f5277a0d2139a080271d29abc9a0d1d17268b8046374a4e7802ac67351c2a44609fe2e69e05310b41140a51486252d145218514a4525002572fe32b7dcb0cf8e39527f97f5aea7155f53b45bbb096120648e0fa1ed49b3a28519547ee9e62b957ad8b293a77acd9a368e56561820e306adda36d23d68bd8a923680cf6a7795dea381830f7ab07815b459ced0c6014564ea73e14a83572ee5da300d73fa94dcd55ae3436021c1e79ad9b4b5882039cb0accd3adfcc504f19abd7115cc1930c6645c76aca77b9a2b1a36ae11b9ad0176822201e6b958a6b966cbc6ca7dea733c89c48a45669c96c559335fedac01c9a825d49547cd8acb92e0e0ed06a8ac375752e36958fd4d6d09cdf526518a3526d65002140fcab0a58e4be9b11a9c1392715b90e9d0a4603726ad429144300015bf2df591929f2ec4165a74705b84039c726ab5e5900495e0d6ba3af6351dc6d20e6ac830a1b8785f6bf4ed57d6e73d0d54bc4073c0aa704855b69ed58ce29ea8da0fb9b7e6f19354af1c914a927e5514c720d62d9aa466cbcb5559473d6ae4dd78155651934d1a108c0356235cf03a9e950a0cb0eb5a9a1c1f69d5ace2c70645cfd01c9fd056f0576449d95cec358b7ff4bb053d151871ff0001acbbe8bfd299793f87b5747ab2e6fad863a2b127f2aa2f6c0c92b9033db9cd5627e33d7ca7fdda3f338fbdb768a40ea3e65e95b9a34e2e6253d1870454f7d6ab341bc0e4563db3b585e09067cb3c30feb589ea6e8ec211815693af4aaf6cc19011820f4c55a506a510c7a9e29eaaadf5a88e7153443d69926b786ed166d52257395c138ae8f4fb459aeee5d946133b47a573da0318b56b620f570bf9f15d6e8d19fed0bf1ce083fa1af5707152a7a9f1f9ea70ae9aea8a1616ff00b9bc997a8cd096e4687bcf009ce7d79ab9a6316d1ef5880176e411df8a9001ff0008b02bd9b1fad757b24789ed195b51b731e916a547502b90bb9cc970e8c3698c953f85773a9b6743b373df1fcab80d5db6eab720a6d05c903fad71e363681eae5349579ca327d046a8665ca1a12538e79a7ee04579563d0ad869d27aec496efbed93db8a5350d91ff5a9ef915393eb49a3950c20669a69c720d34f3de90c4cf1494b49de8013eb4bef4514c04eb9a4feb4a781d28a0000a3af6a07eb49df8a601ec4527d0629472683d6801b452fd290f4a0069f5a4a7f6a4e9480674341f414e238a4238a0069a314014738c500146334629680198e7a518a7639a4fc69016b07dff2a5d87d29de64bea9ff007cd1e6cb93f731ecb4ccee3421ea7a52ecf31d5319cf5cd1bdc9232b9fa52c32949f24a971d3e5a42b8f74f2b099270319a41c524933b37cc887f1228466e32831fef7ff005a98d0ecd28a567527e48c81eed93fc8530c8738087f0348771c3d696a3129e0188fbfcc297cd208fdc311ec45003c9c51d3ad3e328c4f0cbc671ef514bc354b763d0c0e15567cd2d90f38c714638a40dc51bbbd41edc61182b4558e37c5961e55d0b841f2cbd71eb5890361abd0355812eed6489b1c8c8f635c04d13413b23f041a68f2f174b965ccb666a5ab10013566493e5eb59704b8ebcd4ed2e56aa32389c48aea418249ae7a5633de04cf1e95ab78ff002f079accd346eba91c8e9c5744366cce48e8ac10220ad249540ace8a41e56298f395358b5763469b14ea00a6b18dc7cc01aa2929714f1bc8c28e7deae2896996c25b8c1d8334d9a4403e5005674915d1276baa8a62c4c3fd6ca5cfb0ad92ec4b44d2485b245579266f7c54caa3df14e600af2b5ad9d892b8b9c119344973b8119a8e789393c8cd66ccfb1b00f150eeb72d45327b99ce0735559f710c05412c9b8f0734d8a4f9f19e2a59691ab0c99514b23e4543072b81da964c81583354413743551ead3f35030cd3451120c1aea7c0d6de66a8d391c449fa9e3f966b990057a2782eccc1a6f98e30f29de7e9d057661e3795fb1cd8b9f2d36bb96f51c3ea31291f76327f33ff00d6a8d80c3f4e73d3a54b2956d46663d542ae71d38cff005a6b7635957779b3e8b2e87261e08cfb53bc3a3553bbb40c082326adc2db6e98763565d3e6391d6b13bf629f87e628ad6b26729ca93dc5740b922b9cbb536f2c771183943920771dc57436ce248d5979561906814bb8e6a9223d29add71427078141068593ecb989876607f5aeef476ff8995df5c956e3f1ae0216c3035dc68126fd4aef76dc94e31f5af5300f468f96e218fc0fd434f655f0f5f1620808c0e07b5496f997c2e7e5dbf39fe74cd3110691a8c78f946e183f4ab760a13c34e081c3b63f3aef3e604be887fc23b6bb802462b81f1540c9abcadce005c0cf4f94577fab36dd02c403f79c03fad723e245035e9e3273ba346c7a7cb8fe95c78d57a67b591bff00687e87371648a8da4d8fef569e3f2dc815467e6522bc9b1f5b652dcb36d20f3811c6783570f04d648c8395eb57609cb8f9f8350cf2f1983e4f7e1b13939a69e29452e33c5079a371462940c504734806e0d275a776a2980d029071da9d8a31c500347ad14b8a3bf145804c521ebcd38d21e68013b52668a08a004a0d1d2929005040a4e697391400d03ad253a8efc500347e5494e6a314806e28fe74e22929816cd274cd0690d040c6e1852db8ccaec4640e8690fccd8a9513cb847392dc9a042fad03ad252f4a430ed47a52f1d294d21898a013e94e55dc7da9c1483c51737a3879d57a6c20217af5a461bb91f9d482319e79a46755ebd6a6d73dfa14d528f2c46046c52380a0ee61c7348d2b370a31ef5132e589624934688e851bee35e5073b173ee6b9df10591941b851f38fbd81daba16e055771bb218707b54dc752946a41c59c32123ad3999b157357b236b39283f76dc83fd2b399b3548f02a41c24e3222b839cd41623cb321ee4e6a665dd4c0366735d107a58c248bd04b9519a9766ee49e2b2a09486e3a5598ae77bed149c6ec9b1ad1a8099e94e69910751585a95e4d0c25a352c40ce33c561457ba84f2c7216cc59e55456ea8b4ae4af799dcaca24e377e02a390a01c714fd1161b95001e7d0d7431e8eaf8e148a5cad16a28e42476192371fa0a4884f2f01580f7aedce931463f84fd292682d6d50bb15247615a460d83491c81b09bcb2c7a5625dbc46478f6be57ab01c57617774f747112ec41df15937ba6ef85dd7ef1ef54e2b6442dce622b69660ed002caa79e2a389483935e8361a7c76fa622b28c84cb7b93d6b97bab45425231c28c544a364253d48ed0771e956261c5436a36e476a9643c60d71bdcd9329cb559cfbd4b3bfa556660327381d7357145a2fe956c6eef238f1f2e72df4af55b38c456c8a06303a0ae27c136825559c0c863c1f515dc5eb79366e4750bc63d7b57a94a1ece1767975a7edeba82d9195110e24901c8762723f4a382c4678148c4451a200147d6ab3ce3ed585e6bcd94aeee7dbd38724545742bcffbbba07040cd69850e818551bf8f72ee03dea7d326df16dee38a9357b5c73db890907a52e8ec537db9e361cafd2aeaae1738aa92af9170928181d1be94316e6991cd08bcd3800c0114a3ad066488a411e95d9f84bf797b26719f2bfc2b91404819aea7c0796d42e3d92bd0c03f79a3e773f57a51976668580ff42d533db763f5a92d883e197ce4664239fad3aca3fddea2bd893fd6a1b520787641fc3e6ff515e99f244daf01fd876601c0dc31f95721e307f2fc568a7f8ad50fd796aeb75703fb12c8963c118f7e2b8af8881a2f14d8ca0fcad6c17f263fe35c98cfe19ece47fef49793295e0caee1d456493994935b4bfbd888f515912214948239af21b3ec521ea077c53c8029a884f353a4393c9ac81d88d5db3c64d588d9cf541522c6aa3814e2714d2309e1a9d4dd0833dc629ca149c77a8a49074a21259b23a55584b03452d859818c644648f635179c31fead81f7abaa41e0f350cd16391d283831180b6b4caad7000ff54f9a724ca54165653e9d6a4585d90b2a92a3ae2998e29d8f2edd01a44071cf23ae29a9321ea187d452e066908e690034b106fbcdd71c29a0c916d2779ffbe4d04714847140081e3652dbf04762a7268f323c03bff434014d239a431c1a3eee07e14d692218c367e829401e949b47a500209109037004d21962dd8de33f4a76d18e8280833d05021e8aacc0075c9a4982c0712488be9cd3428f4141453fc231f4a2c023326e0bbd49237019ed4064271bd7e99a5f2573f747e549e5263ee8a41a812a07de53f8d195fef2fe74be547d907e54df2d3fba314c352d1e94d269c4d318e0135203620f24db53a9ab52e0602f45e2ab5906f399f0718eb8e2a727279a09dc4c529f4a4cd3a828420e69f1465bbf02a5b4b77b99422024d5fbdb65b497c85e4a81b8fa9a7caed737c353556a72b2915000c526001934f6f9467a9a8f693cb7e55363df84545590c2598f1c2d26d519e2a4c6298c3da866a9913531aa520530d4d8d13206eb5138e7353b7150b0352d1aa20b9b45bdb69226ebd54fa1ae26f217b79991c618706bbf8880c2b2bc43a709e3f3635cb8ee3b8a68e2c661fda7bd1dce35396e69f2a646695e331be08c1a713906ad3b33c568ca9b2920c700d5dd26ca4b9ba014e063355ef53a115afe1dbd5b7902ba8c3719ee33d6baa94927766334dad0d15d255a321b9ed55b47d293ecedb40215981e3a60915d34d1ed8fe5e98eb59f6b29b59d881c1ea2bb64d4e36308a716476fa68de1a3214fb1c5775a7e816cf608e6e65de541386e86b9bb4b8b7258b8031cf35af6f756ceb8491f6e3a035cfb6e6aef25a3b1b365a5e9a901f35cbbe704b3f5ae4b5cb7816f1961cba6780bcd5fb89a38a43e58764f735957b7aedc44a179eb8e6ab9ba0941a776ee5636cc8c3ce0b145e99e692e648e4654897f76bd3de9c217b92371666f5355e780db92d236d03919a2e86e3d58cd5ae4c16c3918358110322b39fe239a8b51bd37536d5e99a995b0a0544d9362b94dac71daa19db82055a970aa49acdba93d0d73f2dd9ac59525624f159b75e76a1750e9f6a30b2385924ea31dc5745a668d71a803232b4568bf7a53c6ef65ff001ad8f0b6911cba934b1c6a208fe58c00783debba8d0fb52397118a51f760765e1db15b6b440aa1463a01802a7d5d8948e3048dec3f21cd69411795080071d8fad655e7ef6f188e446368e7bf53fd2b5af3e5832729a2eae213eda99d7839519048f6a86187749934db9669652141ab369095e6bcadcfb87a2091774657d2a9da130dc6dec6b464520e4f02a94ebfbe5614d8e2ee8d7420af5a65ca074391d692d482a2ac119143d49d98dd3e4dd1ec63caf156c019acf88f957193c06ad11cf229459135664c9d2ba9f009ff004dbaf5d9d6b964f7aeabc07c5cde30ea1057760b499e0e76af86f9a2fe90ecf1ea7b8f0093f9e6a080e3c3cca718128e7f1156746c258ea32e383926aac5fbbf0d3b1e4197238f5615ea5cf902dea7f3e976283a12b5c37c515dbe25d3c8ce3ecf8ffc78d7717a3fd1b4e1f41fcab8cf8b191ace9e0768cff315cd8afe1b3d6c974c5c7e651b66c20a4b883cdf9d47351da7282ae0f94715e32d4fb39e8ca71c6475153e02ad3ce6a095b028e5b096a2b362a2925ed513bd445cb1f7a668a2480991b02aec6bb05436e9b467b9ab028d8527d072d3fa8e7a5228ab16b6ef733c7047f79d80cfa0ee69c6376613928abb373c3b60b1685717530cacc498c1f4e9fe358da9694d0dbc570bd24cf15d92462faee3b4838b4800071d0e29d730a5f5f84007d9a018fc6bd8faba943959f115314dd6735d59e644107041a3b715d2dde9027fb5dc4036c71938f7ae7a48da33860457995684a9bd4eca756351684447a9a074a5ea68e9581a887a7029b8a7007de90e40a4037a1a5c7e541146690c439140a5eb474a00434bd3ad1ea4f1475a005fa518e29739c0a41cd1610801a69eb520eb4d38eb4c094f4a865e78a98f4a85816dd8ebd0549258b60561727a123068f53521411c6a808e29bde98211454f696cd712ac718e4d468858851d7b575ba1e99e4c65c8cc98c93e82b5a54f9d9152a722b97b46d3a385238c0fde12327d7bd73fae902fe4239c9c702bb48c0b7bab167fbb20393e878ae6bc536cd06a53647c8c77afe3d7f5aeaad4ed4f42b2badfed1af539e6e393d6907cd44bf7bad3d4715c363ea6fa0d615130a95e9869586884834c6e2a573e95111ef52d1ac485867a531c01f5a98ad31d68b1aa6418c1e2ac281226d6e7d299b477a40707da9586f5332f3444bd76891963b8eb1313c3ff00b27dfd3ffad5c9df5b4d673b45731b47229c10c2bd0dd44a982307b11fcea6686d358885a6ab183381f24bd09f707d7dab68454f4ea7878ea32a4fdac55d75f23ca1c16fa53a2528463a8f4aeb35af05de5a3349607ed30ff77a38ff001ae69d1e172aeac8ea7904608a6e12868ce18d48cf58b3b0d22ed2eacd6390812018cd32f6d991b38c8f6ae6ecae0c2ecd9607a8c574563acc522859b048ad6357425c7a91c513b1e15aafc11ca879040f5a53a840572303d3151bea4982063f1abb27bb15df44683c5b80c30208a80da05396236fad513abc4bc6f191552eb59dea55724fd2a6e930d59b325cc3680918c815c6ebbaac97b318e2e99a75d35cdd0e0ed4fd6a2b4b308fb8f38f5a4ea761ec52b5b560db981cd5c2046a4b1ab3232a7a5664a65ba9d61814bc921daaa3b9a4b5206379b7532c30217918e0015d768de1786d9566d400925ebb7b0ad1f0e68d16956fb9807ba7fbefe83d07b56a5c7dc25bae2bb68d151d59e7d7c4b7eec3639ed65da7516d08db1938017b56de81a6adac0b81c7a9ef5169d646698330e3e95d12288d001d00adce4f22addcab0c258f18e00f7ed58339f2e26e9962739ebeb5a17b309e6e3fd5a1c7ff005eb3e61e74833d0715e762aa733e547d9e4f84f614b9e5bbfc8ab6f1649e48cf7abea55401de912358d302a8c8ec243cd736c8f5be266832065e4551b88b729e39156ad242dc1a75cc673bbb77a2f71af7594ada42870456ac4432e462b31e3c9c806a6b798af0d45ca6ae589a3ea7bd58b772d18cf5a66e0cb9a8e13b5f18e0d4bd1dc86ae8bea715d7780ced6bf6e83cb1fd6b8e5c76aea3c1d36d8f501fc5e5647eb5db827fbc478d9c46f8597c8dab2651a3debf55763559c91e19807037c8081f893fd2a1691a2f0c903abbe3f36a9f505db65a6db463a81f2e7af15eb3d0f8a459d414a9d307f0e47f4ae23e2a7cdafd8e09c18cff003ffebd76fa9f3aa5842a48d833fe7f2ae3be208371e22b55c70aa7fa573e2bf86cf5326ff7b8fcff00232ed13080d4cec1464d260469cf4154249fce9762f4af1d687daa5cccbbe76e18504d4572085cd3e1e8001c0ef51df38098cd09dc12d6c8a25b26a48132d9a8210647e0715a71c5b40a0d1e8394600a9075a40bcd4c8a07346e63262a0c56c692041179d83e74c7cb8bd47a9ac951bd8206009ee6bb2f0fd92c682fae788e25db1a9fe75db84a5795fb1e2e6f89f654b916ecb848d2b4e8ed93fe3ea61cfb5172bf62d34431f334bd71d68b0cdcdccda95d91e526760f6a75a879ae64d42ec6c863076a9af591f20c82fa3fb3d84164a3f7b2e3762a86b5a644f3dadac6a3cc23e6c76ab697b1b4cfa8ce78076c4bdc9ed55ee2f858432dfdc0cddca3e54fee8a99c62e379ec5c252bfbbb9c7eaf65f60be920ceedbce6b3cfa54d7770f733bcb212598e4d423debc09d9c9f2ec7b50bd95f714e00a43c8f7a29454143483498ef4ee71cd26074a40251d2947068e6818119146314019341ebef480523bd34f3df9a5193401cf7a04183d334829dce48a074ed400ae700d36df26651d8724d0f9e2a68a30a0312726910398e5bda80b93ef4bd6a5b71fbe5e33cd5c55d86c751a1e8aa1ade4b819693951e82ba3b38c466fe35519038a6c447dbaca203188c1fd2acda85fb6dd29e0b29af5a9d351564797526e4f52addab4ba2dbcea7e785fbd52f1a81258dbdd03f29e09c7ad6a698a2e74dbbb52082a48154a389350f0fdc59c99631e40cf5ad5c149598e85574aa29ae87061771cd3f1c5245820a7743b4d2b578d28b8b68fb88cd4d292237a8dba54a698d53635440c334c22a5614c34ac6a9919cd35ba53daa334ac5a1b8c52014e3c52138148b1036d6eb531412019ff0026aae7e6cd5a8db38a3614d6868586a3e5ed8aec9f4121e87ebe9526ada3596a89b6e61566ece3861f8d66b28604301cfaf7a7dadd4f65855fde45dd18f207b1ae9a75d3d267cfe332a6dfb4c3e8fb7f91cc6afe12b9b1dd2da9371003d00f987e1deb044685b206d6af5cb5bd86e9708d87ee8dc30acbd6bc3969a806751e45c7fcf45eff0051573a0a5ac0f2e35e54df255479c04707ef9c559f215d41dcdee3356354d2aeb4d7d972994cf122f2a7fc2aa09822e3a8ae66a517667526a4ae8411468791cd4f94d800502a93481cf3434c14601a5a858b85d40c5579675453835426b824e075abfa5e817faa383b1a187bbb8c7e43bd5c20e5a2149a8abb33899af2e561b746791ba015dc7877414d363f365c3dd3757feefb0ad2d1f44b6d322db02967206e91ba93d7fc2b5044481c577d2a5c9abdcf32be279fdd8ec56015012796e0702991c0f71203fc35745a7cf93d3fad59454846462ba2e72a425bc0b0a600ed546feec02628c9dddcfa5477da96f62b01f97bbff85525036e5b9cf239ae5af884bdd8ee7d065995393556b2d3a2148d8b81919e08a62c6339c54a1b27de9d5e79f4fb10483e5acab9525588ed5b4eb9e6b36552acd548717a9574eb901f6b706b6f8913d6b9bbab72ac6484f4e6aee99a80622393861d8d46c69357d5171d4a3e3a8a5f2c63a0cd59751227cb8a8007070474aa44262c791c114fc734e1c8f7a4c1cd4c90ee4e878ad3d06ebecf792e4e03c4ca3f9ff4aca5ceda7c326c9d1bae38adb0f3e59a670e3697b4a338f91d84d26743b60a3efcbfd6afcbb64d66d540c88d71f4ef5952263c39658385138cfbf27fad6a69dfbcd467949c2c63f2ff0038af765b1f9eecec48c44de23cf3fbb5ff003fceb91f11ccb36b0d291c02c01aeaace4c437b7b8cb1c815e5de30bf6b5bb8a08befb47bb3e9c91fd2b8f10fdc67b192c39b14be649a95f6e6f2a2605bbd16509ee73ea6b2748859be772727d6ba5b58f6a8cd790df333eddda1124e22426b2672d7139500e3bd5bbd9771d89c9a75a43b79ef56919c745763edadc228f5ab20605349c528c914c86db0240a702714d0067dea45479a448a21ba4738029a57764673928ae67b1a3e1db06d42ff6052554659bb015d85c86bdb88ecadb8823e1c8aaf044348b08acedc6fbc9b1b88ab17f72ba2582dbc6435e4dc935ecd0a7c91b1f118fc53c45572e9d075e3c73cd1d8db90208b9723a715cef893c496c3fd1239025a4470ec0fde3e95c7f8afc7506910496160fe7ddb8cc8e0f4cf6cd7936aba8df6a47fd2266dbfdd1c0ad275a3030a786954d7a1eed6fe2cd3e689934d31cd247c1c904a7e159377752dd48cf2b962d5e29a65e5c69778b3db31575ea3b30f435eaba36a70eab6497101c1e8e84f2a7d2bccc4d79cddba1e851a11a6b4dcbdce28eff005a38a5239ae23712971c73499c1e69c0d0020fa74a5c669e3a52123b5004678e94def52e290a8cfbd218ceb483ad3c8a422810ddd81cd286efda98dc1a01cd218fcfa52e33e94d1d734ee7340858d04b3a21709b8e327a0fad5e9dd8908ca008be40436437bd26856c2e6f4b302523e7f1a5bc7dd3b95c6d24d067d480f26a5b7204aa4f4cd459a01c1aa8bb329a3d34bed9ac2e946637403755ab9616badc5271b25e3f3ae7746bb69bc3cd19c96824047d09ad9d736cda6da5c839284735ed537cd14cf22a47964d12c6c6cfc46c990229c74a8ad40b6d7a7b738092f23f1a6eb6c25b7b2bd4fbcb8c914bacae5ec6f939208e9deb43338bd72dcda6b7711f627a7eb54cf4aeb7c756a0496f7483064c027b7e35c9c8a55883dabcec5c3965ccba9f5994d7f694795ee865358645498a6b5719eba642c2a26a96438aaeed8348d63a8c73cd3411f8d35db24d3452374b425350c86a507e5f7a89b9eb4822228c9ab10f6a854d588452629ec3a4e9512bf3861915349d39aaafd78a2c4c15c7b2ab1c86e472083820fb559b6d42e2dc6d71e6a631f370c3f1aa4bd7ad4993819ed571a9286cccebe1695656a8ae697f6adb4c845c298d4e41120e0f4efd2b36ebc39a5df65edc9898f789b8fca90ed239e2a131aeedcb8ce3a8e0fe75bac45fe3573cb9e4b14ef4a4d101f04c7c62f1ff00141e952c3e0bb25399a69a4f6271fcaa713ddc79db70e47fb5822a5fed2bb51c88d88ec548ab55297638ea6598c5f0b4cb7a7e89a65836e86d62661dd86e3fad5d1f2e18601ebd3dab23fb4e7031e5a0fce83a84e7f857f235a2af4e3b1ccf27c5cfe25f89b0a00c81d3b548ac0019c01eff00e7e95cf1baba200f3083d0e001513191f995c9e7b9cd278a8f437a790547f1c9236ae7528632550f98dfecf4acab8ba9ae490c7e5e9b474fc6a10aa7d4d4833d6b9e7889cf4d8f630b9550c3eb6bbf31a142639cb76a963e6a272739ef52c3d2b067a2f615a2c1c8269ca5b201152839e28c0a119f37710e36f35426c79c6afb0c035488ccb9354112a5c5bb01b90f1e95997106fe57e5907435d11031cd5496d8364af06a8b52b19b63a8cb6d22c775f77fbfdab7a19639e30c84107d2b0cc45d9d244e9c54b6b0bdb28fb31f97fba6a5ab6c53573636e29c3047bd410ce1ce1b86f7ab007a52dc87a08a78e698efcf14f93e5049e2a9452ef6cf6cd11d04f547792903c2768dc93e60e9df9353d9cde4daea4e08c972a3f21fe359a27dde1cd3a0072cf30fcb26895dbecf751a77b81f975afa18be68a3f39c44392ac9766cd3de61f0fc2b905a5624f3db27ff00ad5e75e2fb233f88e3553909020603f84f27fad76faa4a05cd95b9c0451cfb7f9c573d7124575aa5f3a10641261877000007e82b83172f72c7b59146d5dc9f629595a08d00039156ae641145ef52e422d53b89165e075af392b1f557e67765581b74b93deb4e2fbb59846d6045694072b935439ec48172694fa0a09e314e1851934af7322291c44a58f5ec2baff0de9c34db5fb7de28fb4c832887f86b2342b28cb8d46fc7ee50fee233fc47d7fc2baa8c1d86ff005321214e638c9ff3ed5e8e168dbde67ce66f8fbfee61f325f323d3a09350be6fde11951debc37c79e399af6fe7b6b262666c8924078407f847bd3be2bf8f67bfbe3a769b26d238765ff9663d07b9fd2b81b2804718f5ef5bd6aea0ac8f2b0d86e7f7e44b0dbf527962724d3da2e3a55a8d7e5a465c0af39d46d9e928d8cb961f4156741d4e5d22f84832616e254f51fe229f22e7b553993bf7a4ddc563d6ede749e2496160f1b8dca477152a9cf1eb5c1f82357f22716170c7cb90e6327f85bd3f1fe7f5aeef7735835610a473cf5a3d7149bb3f5a4c1a40481b1464e69809c528383400ea07d28eb45020241a0f5e290d1de8011c0c64d31477a90f230693ad21898e690e69e4e29a464e2811a9a6dc8b3d39b6465a699b6eecf415549cb127152cdfbb0918e020e4020e49f7aaf9e6844242d2af269b9a923f522837a349d59a89d1785a60b3496cc46264da33d33daba8d33373a55c5a48bb654ce0139c579ec12b452aba92ac0e4115dde95781af2198b0c4ebc8f7af4f05539972b31ce309ec9c6a4767a1269c7edba34f6c0e2441c6454f6ffe95e1f75232f0f38ef51da0365e20910f093723df352e9ac2dfc417768c3e495723d3fcf5aee678888b5254d43c32a79668f83ea306b8abd8361461dc60fd6bb9d3f1e66a1a7c8383cae6b9cbe83fe25f2861f3c4f9c63b74ae7c4c79a9bf23d4caabfb3ac974673e4f351c869ec79a858d7927d7c5114c6ab4a6a595aa9cefc6075a0e982137f38a71385cd564397e6a776f9302a4d4960c9524d0ebdf14b0822314373489ea357938ab518c0aacbc1ab0a7e5a9dc998d9893c74aac739eb533f20d43b496e78aa2a3a2254f434499c70688d31d4e69ce2815f529b161d685720fb54ae322a1208a6917727dd91c50589feb55949dd8ab0838eb49a013279cd3b27146d34bda801a33d293193eb4eeb8a70e3a75a417150714b21da9ef4f51c671504ed8e9d69a23764648639cd5b8391d2a84780e7157613d2ab7092d09f6d3bb52ae0d291eb52918dc8588a85fad4933000d547901ea699a2242dcd27f2a84caa3be4d34cc141269dc63e350d7327d00a91a15072bc1f6aa91cdb416eec694dd81421bdcb663561861cfad57792e202766255ec33822aabea003ec192e7d05324b990296236af5cb1a76137dc927d45dd195e33185193b88ae59fc656f15d186de179769c16c803f0acdf186b328826b78f7ab38501871d7767f97eb5cce9b62d3484107240ddfec8c8fd7ad76e1f0ca517299e36331f28cfd9d23d0f4af899716cf17daec84d107db022360807d6af5cfc4b45b79654b46c9766562461d874c0feefbd79ab4424be758f2238976ee1d140eb8fceaa5dcc24cc870b6f0f0a00e057a2a365689f2d5249cdca7dce835af887adcf20b99ae447d95625c6e38e9ce6b77c05aebea52497324dbaecffacc9ea3b1c572de05d00ea973fdaba80cdb21c411367e623f8b18e9d7f1fa56978b74a7d0ef135dd1c18c2b66e62190082793ff00d6af1b118ea12adf565bf7f3ec7a997ca5465ed65b3e87a5cd72d2f7a7dbae4e7b5727a5eb125cdac53c78789c704e07d6b6ecf530e781d3a81ce2b1774cfa78d44d5cd39972c2b4225db18aa105c4323296603eb56deea151f7c53b5ca9c9589b85e4d4da7442eee1778261cfdd1d5cfa0f6aafa7d95d6b1384863616f9c17e99aedada0b2d061566c4d718f957d0fb57650c3df591e1e3f338d34e149ebdcb1159c56e8b7ba9958e38c7c91f615e59f17fc7722422d2cced965cac4a0fdd18fbe7fa5751e2ad69b7a35c9dce41758474551d49af9eb53bb9358d5a6be9b277b6101ecbdabbe72f6713e768c3db4ef223b2849632392cec7249ea6b5e1038aa310da00ab911e2bcaa92bbb9ebc559175586291b915186a766b318c702aacc9c55b3d2a191739aa119e72ac1949041c823b57a6f877525d4b4f59188f357e4900f5f5fc6bcde54ad0f0bea5fd9ba92f98d8825f924f41e87f0ff001a992b92cf4cce2943714c0734ec8cd642173f95079e94de69c0e471400b9a504639eb4ccd28eb4c079c6297af4a6ad3ba74a006906929dcd2633f5a40267bd2af23de908c53875a04589392493939eb4ced41f4a07d2825063353630054c96c521334836e78507bd4468923d5cbe97db1a4d6d68b764465472f19debfd6b11b8a96c27f26e15bb7439f4ad30f53d9cd33b71b8755e84a1d4f43d51849159dfa7de18cd1ab9d977637c8700f0dfe7f3a8f483f6bd22780e3e5e5695145e68f2444e5a2e463ad7ba7c1b5676649a937d9b58b5b94c6d93ef76e3a1fe7515d40b1eaae1c661b8183f8d4778c6f34249909f32d8e4fae075fd2a6bb267d3adeed7ef20c126a4a8c9c5dd1c4ea3035b5ccb0b0c15622b39dbad759e2db712c16f7f19e1d76b8f7ae42426bc7ab0e49347dde06b2af494c825f7aa73354f2b1c1aa931c1ac8f4a22c7d79a98738a862e4726ac20f6a45123390b85e69aa5d873c53d1413528c67dea5917b0d44c638e6a7c7148a295a95ccdbb911349c528eb430ef5572868e686ce297381c50b926819160e7a545221cd5a63cf15039c9aa1a205439e054e83be79a07e54e1c8a4d941bbd693767a52b47d0d391339a42ba04527ad38af029c3838a4901da7145ae4dc15b29cd559f9e296590a6718393559a6666002feb494914a24d1802ad46c075e2a9a07279e054eb11232c69dc1a5d4b4b326e0b9eb52c876ae6a8caa015c75cd3e495bcb2181c81d6a1377b321c3668a9773333601aadb246e7a54e172c3e5249f5a71467fbc30a3b56855ac5160e58004fe156922471d79f7a73a2a49101ebd6a778558e47047a50ae53b110b6514ad0c68b938a6332861146cf24c4fcb1c60b31fc055d8b459da06b8d564fb15bedceddc0c87fa0fd6b3a95e34f7dce6ab89a74f493d4c72e25bbf2eda232ca0642af61ea7d07355ef9976e19965607395fb83e9ebf5ab72cb1bc6d6b631f95624e1b9f9e5f763deb26e58468509188f233eb57494e6ef222ee7efcf45dbfcce47c4b1997518542866c0383d3af7f6ab76b047616ad71764e31963c938a4fecebbbbd622bb6554b653bc82796e0e0ff2c7e3e871a70df5bc866f264490c2db580fef7615eeaa528a8c1edd7fc8f99ad8ca6f9eb41fbcdd97f995f50b9b74d1e3b0d376482600b6de7af41f527fad725af41676b71616934acb6ed26fb8f2f9608075c7a1393f80ae8af112d0497574e51b3f787033fc47f0ce07a9cd65f8374e377733eab76a640e4ac2b2e09db9233fd3f13558892a74db7bb3c8c151963310a31f851e976125abe9d01b064368a8045b08c6dc71debca35d5d4b51f114adab41722c2d5c19624c948d01c06e3ae7ae7eb5da6952a787afa3809dba4df49b5173cc129e781fdd35d3789aee3d17469ef2485a70176f978386cf627b0af8aa32960313a479b9b66cf72bd26af06ed63cd7c4f18f0fda4173a35d4b1acaeaa2346063231d7079e40edfd6ad78261f100d486a5752b2c2ea37ef50de6ae3800761ef4ef87de113ac20bed67749681592da0dc4a8cf52067e500f4ad4d3e57d0af64d0f5170be48dd6f3300a248bea7b8eff4af76a63a954a92a54be25b8f0506d28d56ec7a169da55b6a84b4770b00e032e7a574365a3e8ba71deefe7ca0e704e735e35a4dc5eeb7aa7daed6e26b6d2eddff007410ed33b7727dabbed3f59781c095531cfce5726b7a3382766b516328d7e56e32bc4f418ee65963f2eca116f163ef118accbfbb86d1f1037da6f0f1bdb954acab7d485e26e7b99655c7dc8f0a3e9515e4c10b6c554445f9547627b7b9af4a163c09dce3fc7175245a55d4e5f3717920b743dc2f56c7e02bced502600aeffc5f02dfdaaec07ccb552c9ee4fdefd2b802d9ae3c436d9dd84b728e079ab11b55653cd4a95c4cef45b46ef52a9aac8d532f350324a6b528a46aa132acc383551d7157e4c5549475a68477de11d44df6981246ccd0611bd48ec7fcfa56f2f2335e69e15be365abc618e2297f76df8f43f9d7a467d2b192b32192d1d05347d7ad2d2017b7148297b734b8a00553c52a9e3de9bc6297771400ece47349499c9c74a0921a810119e295060706834a381c76a604ddeac58c1f68b844e704e4e3d2abf7adef0bc0269a55eec85413ea455d38f3492339cb9637296a137992ed1c2a0daa3d05526ab7a8c0d6f72eae0839ef545b24f5a9aaad2699f4783e5f63171d819b8a899b6d3c8e2a27193599dab53b2f076aabbd6290800fc9fe15b366c6c7579addf1e54a495fa1af39b294dacc1d7f115df1946aba5a5c41cdc44323d4d7b185aca71b3dd1f1f9be09d1aaea457bac9ac89b4d4a5b5973e4ca3033fa54f60a164b9d3e5fba412bf4aa92c86ff4e4b8418ba83920739a92fa733d9dbea1003e647f780f4ef9ae93c8b05bc42e2d2eb4e9946f5cedc8af3fbf85edee248a452aca7041af40b99f2d06a36c3b6245ef58de2fb24ba85751b6e411f3803a57262a9f34799743dcc9719ecaa7b29ecff3383b8623ad56272c79ab53a1209e9548fca4fb57987d9a2cc0322ad2293505a0279ed579170393485276191ae3391cd4a0514e038a4cc9b05e29ae69cdc542cc3d69025714f1d29a0f504e4d46f2aaf7e2a092618c8341a245acf1c5395f83eb54d2e54f19e697ed0bebed4ee1ca583d2a261e948275cf2697cf4c67d69dc6380a701ef4c5994f434865523fdafe549b483564c471401cf7a884c08cd384a334f415992eea8e46e324f14d77c8e2a277c0c1a60910eec920904e054902724d5553fbf231d323fad5fb74c0a512a43b1b453c1c8a0a5380c0aa26e458265e791c7f3a99c718a8b765f70ce1715651830eb9a9485276200016e2925e054c5467205452f0a79a6b416e45a7dacba96ae96aa1d22550ed228c9e5800a07a93ebc7535d2db7846192ea71777b7124030511711f19208623b82ac38ae66cf563a4dd9b9445922215250cc4606e07702390475ae9f5df10c3a4c4d044e26bb6fe107a75c0fa73f539359e26ac552e4a7f1b3c3c6fd69e23922fdd7b16afee74af0e5a95b786288e38545f99bb7d4fd6b82d4351bad66e4bce76c2adf2460f007a9f5350cd2cb75335c5e486495ba9ec3d87b52c0312e3b11c56186c2aa5efcf591dd85c12a5ef4b590e95445171584d6f2dd6a30db15936cc7736d424ec079adcb9c493c7096c2b1c311d856dcb35be8da6dcead74554a26235f418e00afa0c0d14dfb47d0f3f3bc63a70f631ddfe4717e23bf820d40da408639646d88ae36e70073f97f9f4cc874a86c55a4b76f2829e5c9e8dc963f80c9fc3deb374e8ae355d424d46f55b7cbc206fe15ff1eff8d1a94b79aaea72695a4ec952dd0b4dbe4d8a39e84f3d4ff2aeda95a1077a8ec91f2ee94fd9f353dde9fe652f1369f291a7dddc79cfa62f1318ceed83231c0edd493cf5aebeda680e9c26b1512aac5ba18d0f0d81c2f5e3f2ae734f9af7409966d761921b3e49887ef239b1fc0307e527b1a8bc3d77776714d7e6129a44f3c9208d07fa852d90c30390391f8571631d3ad15529cae8f5b2594a95e94a36f321d16717bae26a9e24b6693488e530c8a1881031180c075e0e327d4fb62bd3b4568a2b89f40d5645ba5285ed6570317101e99cf5619c1acd89a0bcb5e54490ca9f306fe2c8faf7cd50d0e26d53c2f78d67237daf44b9274cba66e6551ff2cfdc638cfb8af37118758ea2e9a5692d51d58ca4f0f35539ae9e8cef921b6d3ad0c6be5c36b0c7c72005551fd057946a71cbe3cd59ae1da48b4eb70d15aed0033f3cb1fcbf90f5ab7e28f171f13da5968da62cb1cd72c0dd6e07e403aa1efd793f80ef5d868da5c7636514502ae157071dbeb5e6e5996d5c3c5d7a8bde7f87fc38a855a552a7249e88ad61a745a7d9456f0fcb1c4bb40f4aa5aaddc85d6d6d06e9d8e323f845686b178605486dc6eb897845fea6a8ba47a0e9fe6cb896fa6c9fa9f5fa0e2bdea345fab7fd7dc5e2b149277764bfafbdfe086dbde41e1d544399647ce5776319fe2c7f4a86ef5dd42d764921fb4d939c895060e3f0ef5cd5d4b2cf334b336e6739352d9df3da164917ceb69061a23d0d7a71a1cabb9f315711ed2574ac8eba19d2e80785848a7bd717e21b0fb05f128b8865cb263b7a8ad38cbe985aef4f265b466e57fb9ec7fc7e957b5364d5ad121850bcb360aae3251b3c0c7aff004358d4a3cf1d0218b8e1a5cd3d8e350d4ca692f2d27b0bc96d6ee3314f136d756ec6914e39af2a4ac7bf17757255ebd6a743cf15594d4c8702a196591c8a0f4e2a346a71391412c8df9aad20ab4f55e41c550ae546e1abd2bc3ba98bfb088b9fdf05c37b91c579ac9d2ba7f87ede66a4f096006c2fc9f4eb54a2a5a3339bb2b9dd670320734a0e690e3240271ef47d3ad730c77d451f4e2901c719a091cfad003c7bd0318c5347029dde80141f5a189ed4839a5a04009ee69d918a6e694d00591c9aea7c396cc968d2af0cdc8f6c7f93f9572ca30de95dd691f2d94781c05dc06739c75fd0d75e163795ce5c4cad1b14bc4f6e27892e634c161f301d8f422b95c71c577cf00951e05208387439e33ffd71fa8ae5753b168b32a01b33871e8dff00d7abc4d1e65ce8f4727c625fb997c8c922a261cd4cdc1a8ce09af3cfa5445df18ad6d0b54934e98649311ea2b2f1cd380aa84dc1dd135a942b41c26ae99dc4770b0dc9bcb57dd6f22fce807029924c15de5b07568987cf167fa572115e5c5b2930390476ed59d3f88a781f78814383f7918ae7f0af4a18b8c97bc7cc57c92ac65fbad51e816f322c5e75b1cc79fde45e82ae5b945778339b6b819527d6bcb7fe1379d1c31b652f8c121bff00ad56d3c7c8222a6da451c1c020f3ede957ede1dce7794e2a3af29675ab26b5bb9636fba0f1c75ac0906d73f5ae86e7c4da66b30279ec60bb51b4161c11e84d61caa1d83210ca7a11c835c156293bc763eab2fab5254f96b2b49172cc1299ab43f5a86cc62319a98b81c9ac0eb93d446e3069fbf8aa9717017d2b26e7550bb961f9a4f414ad604ae6cbcc003cd519ee40ce4d73d2dedec8df3360673c0c558b4639ccd9618a2e8d396c5c96efa8405b27b54815c8c9042b76c67152c10c6486c02073575140278f948a57bec0ec8c99232cc08078f7a55b763825b38ad09930dcf24d300c668b169e85458d813c9a74819400ad9fa8ab2c9914c1d4e7f3a4dd856b9023367247e5530e3a13f43522853cf34f112b723f534ee2b1559a4ddfcc54b1e7af356042314ab180718e295d8680830955a77c74ab6f1e138aa457f7985eb5516c5a0d894efdc783db357a22fdb6fe351471364719fa75ad68b4ebb604a5ace47a88cd528b6f426a558457bcca5ba427a28a5446653e6b64fa2f02b47fb26fc673673ffdf0686d32f1065ad2703fdc355c92ec61f58a4f692fbccc0486c0e80ff4a9b6ae338c1f514b2c12c337efa2910649f9811d854724aaa300d4dadb9a73296cc52bcfdf3cd56b86080ee6c8fad477176b1a93915933cb2de3840b8424739f7a2c8b4325b9499de3fbca72bb40ed535d64cfba40be63364fad5986d23b75f95416ae375ef17adbdd343a579724ca79b861b947b28eff005ad69507519c98bc5d3c3abbd59d947657122ab989c47ebb6a4b975820642a4b0e460720d703a4f8ebc4692c704576d712390ab1b42adcfb0005758f7fab4b6a0eb3e4a5c48bcc71ae0a0f7e4f3d3a574d4c328abdcf3b0d9a54ab350e4fc4b1a3db9d4b57486463b483923a8e2b37c5101bfd7974ad3d1aeac2d8e6eb041f9bb2f1d31426a3fd951bdd0731be362374e49ab16f6963e1dd2daf45c4926a576770557dc5d8e71fcebd1c12b533c4cf6a7fb46bd1189e2bbd4d0b4ec5940eb73311145b883827b9fd6b43c21a30d234f4573bae66fde4ee0e496f43cf6ffebd66dce9da95da38d46d61bf827c6e8fb8fa1e0e79eb5b3a4d8eb7a2d8a6fb69ee6d8038825e258c0e9f37461ec706bcfce7055eb52fdd6bdd7738f0b8a8dfdfd3b1664834cf12e9f716892a4f17209503746feb823823fa573905d268eaf61acaf94621b51c261245ec41c639f4aea74bb8b7ba9e6bcd3d5239a461e7c6cbb5f238f9bb823f5a7c57e2fe7bbb3bab47431300c928de8ebced6cf439c57cb51c4cf0b2941a7caba3dd1edd1aae1ef47a9c5787a7bcb309772c2d6fa25d4c56dc367310cf191e8c738fff005569b97f0edd3df5847ff12e93e6bab6e813a7ce9efc723bd57be6fb00bdf0f8b769ed6e63592d231d532dc8cffb24022abe8f69a86ad28d23518da38acd80b870bfebf07e51bbd300135f5349a9f255a2f4643abed284a18857b76febfa4761a6e8fa7ff694ba8d9c28b35c8f31a4f5cfa7a5756a62b5b0306c5fb44df7f3fc0bd463dcd52b458ac4c4ee0b4118db81ea06403ed4b696adab6a02e0c8db9773139f971dc9f6e95dea5cda9e255872595efd9947fb256d56f75894b4db30002b8c67f847e35c16a376f7d7524d31ebc0c761e83dabd5e4d5edefa14b7b4f96287e568d87cc5bb920fe95c96bfe1a0e5e6d3c6180c98877fa7a7d2ba2946316db392bd69d48a8b7a23867560df291961f9d21507183f31fd2ac4e0c52619707a60f6a74301600e083d8574b5a1c33aaa92bc834f692d4b18d8e5fe5653ce73ed5e83e16d1bec56d1ead1b87ba52730632507f8d61e95a57d9638ee2e0033372aa4722b43fb7e4d1ae01b5024bc71b7663200ae0ad36fdca7f366987a2e5255ab7c9107c4886cf578a2beb465fed641fe91029c9d98e0e3dbf9579c06e95d7eb3736f9797489d63d6d8abcf9f98459c71e9eb5cadfdb1b6703ccf333d580efdebcf9d1f779a2b4feb53dfc2d6bfbb20535223715594e054aa6b919e822d29e94f04540ad5203c500c739155e43cd4ac6a0738a68864120e0d4ba4ddb58ea504e09f91b9c771d08fcaa392a03c366aba099ec48c1d03290548ce69d9c363dab13c2777f6bd1e1c9cbc5fbb6fc3a7e98ad91d7dab9d923c7ad2f4f4a68e73c52d002e69d9c8a8c669c05003c714eebc8a8c139a764d0038f5e051d7eb4d18e29413f4a00b40f3cf4aed3c337025b128a479911dc07afa8fcab8cc66af6957d2595ca3a1f941e4574e1e7c92d4e7ad0e78e876ae00184ce07cca40e76f507f03505dc292a3c8e837636ce83a73d187b1a944f1cb1c72c657cb7e533d158f5527d0d2038e54ed65f95777f0ffb0dede86bd2b5cf3e3271775b9c76ab62d673e3ef2372adea2b3580fc6bb996186e216824564849e377de89bd0fb5729a9e9f2d85c98e61c7661d08af331141c1f32d8fafcb7308e223cb2f89140020e69d91de9fb453582fad7333d5b8bed58baadb8e703deb4a49767422a8de4a655dbde84985ec735247f3918a618093c0cd694d1a2b0cf2c7a281927f0abd63a2dfddaee583ca87fe7a4bc7e95d10a339ec8c6ae36951579c8c35b5e08c12fe956e17974fb5796ea4db0a8242377fa5744d676da6a19372cc40e6561851f41debc93e22f893ed2d2d8db9240e1dbd3dbf2fcabae185515796a78f5f3695576a5a23a1d1fe225b5fdfad90b695589c2b820835d7099a518048e335e03e0c5ff8a9acb9232f8e067b57d076d0053d0e302b9311054e5689ea606bcab439a7b9c8f88e79d245f9c8da7207bd58d33fe2616cb295f2e71c67b356bea5a42dece0b92101e71dea3bbb75b5b7c4002ed1c63b572c8f4e366b423488382aeb8614f587671d8d548efe2907977c0230fbb20e9f8d68e2487e663e621e8454b2ec4f02ede3357f0aca08159b1caac320f6ce3bd4f14b8c2f6fad5c2c91cf3bdc925c7001e07427b530024d25c32841cf53eb518cf7e0d4cb47a1ac1e84e15072cc5bd85054367200f402a353c75a91580a76188b1f04fa548aa40a452011e94e56c1da719a4b41363d3a50cc33480962028249f4adbb3f0fbbdbb4fa83fd9e3552db4f0d8f53fdd1f5ad234e53d11cd5f134f0eb9aa3b18aa924ec238519ddba051935d1683e1333cca6f5c0908c88548ce3dcff008552f18f8b6d7c0d7d636c34c5b986e22f39fc8940c2e7039efd3e9586daaf857c69a8a5de99aadfe81aff00fcb2691cedcf6039c7e008aefa58651d65a9f3b8bce2a5456a2acbbf52cf89be2141e17d425d3ac34274b98796371fbbcf1d4752c3df35c95e7c63f11b9668058c2a7a010927f526ba9f11cc2fc268bf12ad563987167addaafca49e99f4cf7078af2bf137852ef4cd44dbc335b4f1125d6689c0529d89f4e3b575ab23c94a551de5ab36e4f8b7e2590e45d4231e902d245f147c55732a225c23b63242db83fcbf1ae16c6c2e751d41acf494fb5be76ef5fb98cf273e9ef5e8da7e83fd8160d007f36fa5004d2f403fd85f6ef44a492b9a428f349452d5890f8fbc52d214ba6b565c91868704fe46ac5eeb97b7c37797146ddf62f5a659e84d24e867919893f31c62ba7b0d1228d03c7901782efc015e6cea4aabb247d551c350c1454e4ec6269f652ba8799b24f3cd59d4eeacf49b612ea13ac09d54632cd8f41debaabaf0edda693752699e5adf84260330e09fa76af059acf55d5f5968668e79eff790e8fd50f7cfa0fd2b6a585d3df383119c5db8d0fbcbde26f164fa92bdbda29b6b3f4cfcf20ff68ff4ad0f0bf81aeafa15bdd564fb0d99e5432fef1fe80f4fc6b5f43f0d59e85b6eaf02dd5f7653ca467dbd4fbd6b5ddfbcef999cc921ec3a2d692af187bb139e8e02ae25f3d4764fef6496f0697a1c4f1e8b6ab1b36733b9dd237e27a553647998b7249ea4d26e695c2a8cfd2adbe2184609dc460fb5734aa4a6f53dba185a7423682295c4763145e76a2826b784e5623d6461d07eb55b4eb6bbbbbcfb6dec4a647ff5312fcbe583db1cf3d3bd54b89d24d4963664dc8404595b0a58f4e39eff00e78aedb42b5bfb01e7dcdbc172e7a185b3b07b57bd8787b3a491f059955f6f8b9cba2765f235b41d29adc09af23532f5501b217ffaf5d12104e3f4acab7d5addd8249ba17feec8315a8acac011cfbd3672a663788bc376da8c62e605583508cee8e65e327d1bd41ae185e816cf78e9e53a7c9708dfc05490793e8735e8dac6a09636323c847dd3b7240e7dfdabc66f6c6fb58d7750fb5cb2269af3ab98c7cbe692ab9e7d323f3cd78d99e5b0c55a5b3ebe87a382af28371dcd1f0d349acebcfaabc656d638cc16a587dec9f998fa67fcf7aea47c93363822a9da422ce089638c2c7c46114761d3154753bb99e54b7b40d25c30652c7ee8c639cfe34a38650b421a289ed52c4254ecf5e6febfe01ad3de7f6aa45a5233671b8841f31dc7aff4abba7eab6b6826d1e2ca3c6fb5dcff00cb423b03e82b91b0be5d0afe311b79d74c7f7f29ec0f5c7bf35b5a9d95bead047710b857ea920eff005fa62bd4a54db49c8f9ec5d45193840d1d42cd2597ce80982e80f95d7f91f5a2d6fde29043a82ac731e8e3ee3fd0fafb57350ea9a969522aea7099e13ff2d54e76fa56e5fdeda5c69ca005b8f386517fba7d4e3a1cf6adf95ec79b56bc69c5ce453f145a59b90ca99bc739c28ea3d48fe54dd37457b390cb7885673d232395ff00ebd74de11d0a4b7bc8ef3574733ca375b2bf527d4fbe31815a9e3a84476aab6815b56931d067e5ff003d3e95cf56bebeca2fd5f633c3e1e555fd62b2f4479fea7a87d9a5f2201e65d3f1c0fb95cadecef15db5958481f5193fd74e79f207a67d6ac6a32cd673369d6399356933e74c79100eff00f02a659410e9b079111cb3e4b4879627d49f5a9a74f9f65a7e7e7e9f99e879cbfaff00821670c7616ef6f18dd238dd248dd493d4d57962f3c323af6e3ebeb565f6af039f4a4284a03bbe6c74ed5daa9ab5bb984ab36d35a58e75d4c72146ea0e29ea7357b538848be6a7de4e1bdc56721e6bc2c4d1f653e53e870b5fdb5352ea584a997a540a73c0a996b94e815ba544ded531151b5512c81c715030ab0f50b55211d1f81afbc9be7b566f9661900ff787ff005b3f957760d790daccd6d751cc870d1b0615eb169711dcdb45347f75d430fc6b1a8b5b925851c8a71e3eb4c5623834ecf4a801781f5a520f18a68c12334e0703bd002818eb4bd40fe94a391ee2804669809d4d2e73f8d18e79349d0f1480ba7a75a3a0a4349daa8835b46d55acc98e41e640fc32374aea61559edc4b6eed3c43fb87e78c7a1fef0f6ae009e6ae69da95c69f20681c83e9d8d75d1c4f2fbb239aad0e6d63b9d83ef11178c89631c65792a3d197d3fce69827478bc89a249edcff000b9e47fba7fa1c557b7d6ac6fd83dc96b3ba1ff2d50e01fad5a9233203232473291febedc8fd57fc2bb938c969a9c9efd377d999575a2e952b1f2eee4b46fee4c38154e5f0b6798b54b6dbd72dff00ebad36f28e4457072bcede0e3eaa48feb504ae028531f9841c64db1c9fcaa7d8d3ec764733c4c5594cc63e184f3099f5db6007f02a0fe7baa683c3fa14002cb75737ce474dc483ff007c8f6ab13cf3f222b648b07ef3c6a807e7d6b32ef518ad6066bfbddc075119d8bf8b71fa5691a708ec889e3b115347266806b2b5cc7a669a88c3bca318fc3ad666ada8c76f1c8fa85c89368e6353b635fa9ff1ae4758f19c118f2ec916746f9b6ae5541f727963c570dabea779a9c9beea5f973911af08bf41fd4d12a914888d39cdde46878c3c5f35f3bc166764432bbc71c7fb23fad79cdd2f5cf35b93a0e6b2ee63ebc71587337b9db18a8ab217c1984f14d8316c0f347515f4404f9060f2466be7af0c325bf88aca47fbab2ae79c639afa1ed5814dac739f5ae2c5fc48f7b2c7fbb7ea2a804631581aec9e44aabebcd741229439ed50dd5b4577195914138c57223d784acee70f7fe5c90654d3bc37aabc328b3b923c93c231ec73d3e956f52d0658d8b42d95f4ae72eade781be643d69e87469247a03db46e72a36b7b555963b84206030e6aaf85f565bd87ecd311f6940719ea456c307561c64566ccf9acf533e2bb58541b88581f5032055913c338cc6ea4fa548e8afd57eb55a6d3a299186318048c5527640e3196a992827248a412000fad564b2921dbe548c140c609c8a50d73136e6b649803920315c8fd69ab0a4a4969a967cde3ad3d9e3861fb4de4f15ada8215a691801ffd73589e20bdbeb8455b4d1ecb7aaeddf36e931df38c85ebed5c2ea9a0eb7ab4eafa9dc3cbb785551b5507fb20703f0ae98d3a7bb91e7d4ab8a6ad0858f61b0f19f82b4c0b24dadc0cebd4a2991bf00b902addcfc6cf09c36f2456d15ddc232ed6fdce3783ea588cd7862781ddc0c24ebea73fe22b42d7c0ca4e1e366c1fe273fd315d4aad182b2678b532dc5d79734d5fe632c52dfc49ae5fad9b4e208e2796de39df214061b6327b0f98f4ad6d62d348882c7676482eb82ec8ec514f70a09ad1b0d026b6b7f2230b04446311285cd68daf8721888f30f3d48359d4c526ad03af0994b84b9ab74e86225f6b7a9c31d82cf3cb12fdd8d989039a8744d3a7b9f1c58e91aa58dc8b579bcb71246c3cc241c1c1fe1cfe95eaeb6169a178367bbb78a49354980585625dcca5880b803d3ad7a0d9eb36d61a2d849ae3c30df340ad2071cefc0cfe39ada953b2e67b9e763b1fef3a5495a28a3a5f83ec74f1911451900642a85c81d2b92f15d8d8c3a9476f12f9876f987d771279fd2b17c4f6697be2b1ace937baa5ee66129822b67207b07e063daa1bf1abdfdc61ed6decd4e306fae3e76fa451e58fd335a548734794e1c257742afb57ad87acd02dc2c16514b7d72393143f753dd9fa0fc6b1bc4967a96baad6f67a9c6d14249b968c6cb5b651c9dd27f130c0e0568b69b3f97e4a8b8d5a51c2dbf1696aa7dd1393ff0002359fe2af0f788e6b1b38aeae1278259762e9b628618538279c751c7535cdede8507c97499ad6af5b132e69b3aff07f8a2d6e7c256f712dc35c4f116b724e4190a1c063f5183f8d51bd796fee66ba11456e8e06f9b18240e809efde9da569f0e89a7c4da8185a755c2c710c227b28ee7deb2b5bbc96f80527cb8339d83fad71cf1b2aedc68eddcefc060aef9edf37d0c8bf905d5cedb62de428c6e23963ebed48910188a31963de9c88598242326afc712dba720176fd2ad68ac7d24636561b0c02da30727cd3d6a96a5702082491cf0a326afb9289b89f9eb2ee6de2bb8d92e268d5060b07246ec73dbe95b50873d4499cd8eaeb0f425331740b27966fed0b91f3c87280f607bff9ed5d5417535b0564774f4c6466b367768a611a15972bb8184ee18fe7dbf9546b30057cb60377f0b74afa5567b1f9ac9b6db67570eb226021d41525898e3cce854d5a4d55b42122de3992d08dd1b631b7f1e95c5ea1324312bcb100bebb8d45632b6b7198f508d85a061e50ee40cfe958d4696874d0a0e6b99ad0e9b52bb6bf12492ee90329038f940a7d85a34b120441861f789fbb8ee6ab083c88c46c3e4c60007000ad8b7bb8edf4268a35733381e66c51d3278cfe44d617555686b384f0953d367dccad4cc97161e569c91b4d1950cd2365f77727d0609e2a09d6d748b72abbc5ddf02cb2672b13e7ab71d3d2b4d613a4dbcbaa2c0247dc3119e3cc3f4f6ce6b97b9f2a6f36f8ee92d27726641cb237f780edd7a538534ddd935310e31b47fe18c4ba530c8cb203bf712d9eb9fad578f56bbb09d5eddf009fba7907f0ad99ade3976477732ac457fd1ee71f2b0c7009ebfe1e95857d617115e85b88ca0e30c39523d8f4aef8d9ab1e4d49f2a72676569e238aeeca44b8b51e7300029e55b3dfff00adef5d17843443a5cd6ba8eaf6ac6da4e6256eaa7b311fd2b95f0a690263f6bb9502043f229fe23fe03f9d7a62f89ecd2d4c5aa2869caed8633fc67a0fc6b8f133717c94f77f81184a6f132f6f5be15b2fd4d8f11de4505806570d7928cdbedc1d87b30ff3cd701a86b9369198ef899b5bb81957504aa83dcf18079aa5777975e1c945c491cb7b7174498633cf963d4fe758b34f2492c933b3c973236f62ddb3e95c54a8a9e8b58fe6ff00c8f5dcadabd3f4ff00824171213712c849fb4487f7ae47f9f5aafe50c03938518c7f5a56c993682067924d282549dfc77fe95eac63647154a9cde84334623c3025b0391e950be3b1c0353c87041ea0f26a39802418c0ce71b47eb57632b9134625393839e31ea2b064531ccc87f878add0e4b92c9851cf5ff3e954b568705250060fca7fc6b871f479e9f32dd1e965b5b92a723d9952235654f154d3b55a41c5782cfa0b92546dd29c5b039a865900e053443635fdaa06ebd695dd8d44c4f35a2445c463cd773e05be32da4968e72613b97fdd3ffd7fe75c19639ad9f0a5d9b6d62139f95cf96c3d73d3f5c54548e817b9e9a39a50298a78e69c09ae701c3a0e78a7139e69a0f34ea60394f041e697bf5a418a5cf3c75a062e3b77a4ec6949c9a4c707d69017a908ef4ee01e2909fcaa8cc61a69a7e076a4c74a431a09cf1524571342c1a291d08eea714ca6b71dea949ad84ecf72f3eb576ffeb8a4c3fe9a206a85f52720e22886463807fc6aa919a8883db355edea2ea47b287639bf136b3aadbdc88c4c1233928c8801c7a13ed5c95d4935cc8649e4791ffbcc726bbed72c7edb64c800f317e643ef5c1952a4839cd690ad296eca504b645468ea1913157997d2a164cf5ad54ae333e48c1eb59d751f5ada7403ad50b94ce715699460867b7b8496238753906bdbbc15ab9d5f458ee1c11329f2e4f7200e47d6bc6aea3233c549a06bd75a0df09a07250f0e8790cb9191fa75a75292ab1b753a30f8995095d6c7d0e8e719ce452ed0dca1c1ef5c7786fc6ba6eb1b13cc16f74c48f21db27f03debad4752320fe35e6ce1283b48fa4a5523563cd0638e0f122d53bbd362b8070a0e4568821800e31e868285791c8a93452b6c71173a24b65729716990e8735b12ea45f4832a285bb38882e7a3b1c0ff1ade64590722b3aeb4b4691244037a307191dc1c8a525a681524e71696e7a058e8f6f0e9f05acb1ac8228d532c324e0633556efc2d653ee3133c2e7ba9e07e15168de258e7221d400827e81bf81bfc3f1a67887c3d77a8eb563aae9b7c2096dc28646ced9006cf51f523a57ce275694dc672b1f3b3957c3cb769942ebc297d137fa3c914c99eff29ac9b8d3efad4379d6b228e99c647e95ea23de95b66d25f0001c93d2b6a798d4bda5a9b4335ab1d24ae790b6c1c3827d474a512c614aa22a8ea08158d2dfc9adf8bda3b49f6c77575e5a85390137607e9cd7a6dbf80a18662b71a85cce14027e445fc3815f4b0c2ca5152ee6ff00db9497c699c2ee5627775143cea08e013d09aee6efc1169247e6433c91f3b70483cd739e2cf0f0f0fe9af78f3798abb46dc60f2714de16a1bc339c2cbad8cb85e4958246a49f6ed5a1a5adadc5ccb1412457779030125bacabbc0ee4293c91e9573c2ba4de5e6971ea56eabb26ca857e0e01c673f856047f07aebfb50dc1d4a45566f310aae1949e7939ebef5d3430a92bcb73cacc7367393a74a5689dccbace8da25cacf76d7d6fb94219a58655881278078da0ff009cd719f103e2069c9aa3da5aadfdc25b8fde4b6b77e4c64f71900e71eb5b917c383796aabac6a9a95f18df3b67b8665fcb8aaff10fc1fa569fe0bbff00b25bc71e563fba3fe9a2f4aec503c25285ce320f12dddda62db4b548d86435d5dcd7048fa1602a1d5ae75258adc8b916d1bca0324282353c1e0e07f3ad2d0e38a3d1acdb6804c40d57d497ed9a9e9ea5336b049e7c98eac4745fc6bcf9d6936cfa8965d4a343f771bc99ebaa20b3831f2a803b702b9ad57c46a59a3b21e61e85ff00847f8d605edfdcdeb33ddcbb63ff009e6bd31efeb59536a7186686d14cb2ff00b23807dcd78d4b03af355fb8d30d9628fbd57ee2fdcce599a5b8937b7539ed59fba5bc936c5811ff007bfc2960b19ee250f76c769fe007815a8aa96e8114738af422945591eb462a2ac881624b58c701a43f9e69071966393487fd61663c9a55469a411c4bb98f402ae29c9d90a53505cd2d1156ee4090bc8e7e54058fd05731a5de8d47596d8c363270acc063a7ad6d78d655b1b35b28183cd373238c60018e07f8d700d6a7a8041fad7a543fd9b7d59f2399e23ebf68c1da29fde6e7892d2ead2eec67b460256529f230248c8ed9f7e95a51ea114fa4db3dcaa437116d5965dbc37073b97d73e95cb09a7061f3c09d62395127247e3d6a5b458a4b39e01232b48e5b64878191d8d7653c4a7a23c778569fbdb17755b97d4aeeded447b230048e474edc03dfb03ffd6aeab4b2046131d0015c124d2dbca577633923d7ef1aeabc292c93c32192425d582ae4fb67fcff009cbc4e1e552d28b3af0198d3a30e5a91d4eda411c7a69925923122748d9b9dbd4923d2a5f09489abcb3de4933c76bfeb24907000e9803f0e2b9cb5799f51ff004996382d15083950c1b3d58d589f55fecad4152124e90e17cb318dbb8fafff005bd28a7077f3ea73e32a45c6c9e9d3faec6f6b921bb9fed70228840da96e3d3d7fdef5ac192cdf7b5eda6d63fc709180e31cf5e8dc56ec12ade0495596543c82bf780aad2af9333b32b2c4dd7fd93ebf4ad5ab1e7277302e2230da99d62375a549f3343fc517b8ee3fce6a0d1f477d4f57167a63cd716831232b755418cfe3d066addecb2da5d4f6968c1a3b8037c6064a93d71f51d6bd0fc37e141a6d9433d9ddecd4a65dd23a9ca85feeff009eff004ab755538733dfa1e6d58bc556f631f856eff433752fecdb3b16b9b222348942adb337cccde8b9ebff00ebaf3cd42f1ed55b53d479bb7e2de01fc3cf1c7a5743e2bd5adef355373ac59f97616598e1963271349cf3ee38fcbeb5cbcb24ba95cfdb7542b2cb190237031951d063f1fad72460e6da7f3f3f247ac92d12f97f993c17178f124f7f234d712938ddd547a7d3ff00d54f60324839cf24e6a199cb65881bc9e57b014e697760600e3278e2bba34f9518d4ab7d16c07800e3391d7d2abb3f2723e5273c0ef5271228208cfa7b52c888a514b70c71f8d6a958e76ee4719571e62fdd63dfa7ad46dbd32ca7963dbbd07084a0c023a0f6a7a80bf7cf1fca8681110878278da7a8a5b8b61736e63888c9eb9ed566381e47011d79c6f6f6ac7d775008c6cecb83fc6c3b7b7d6b96bd48c62d33bb0b45ca4a4674608720f50715641c0aa56f95c0356246e8057cdc96a7d2dee8462ced8ed4a5028a7c630334af4d321a2bbad42e38f7ab2c3ae6abc83deb44cccaedc1a92de431ca8cbc329047d6a2933ea29a8d8719a6f5423d96ddc4d12480f0ca187e22a506b37c3b26fd16cd8f3fba033f4e2b472335c8ca1ebed4e14c5c669c2818f033f5a76307d69a381c53d7a668182d2e38273d694e78a4c11408bd8a38a503ad369998840ed4857029e7a521191cd00464715195f5a988e3da99b7de98c8cf4a69e2a4614c238a560219006cf18ae13c456df65d45f03e493e71f8f5fd7f9d77cdea6b03c576667b2f3547cf0fcdf877ff003ed4968c671639a0ad203c53c1e3daba53115a45f5aa932f5abd21ebe954a76001e6b58ea2b995768304e2b12ed3935b179316c84cb1fd2b22e63624ee3f956f0444a454d3aebec7a9dbcf920248ac71e80d7b9e9ba9c91c68558c91b018dc738e39c57843c5f357b1787210fa05810c4b08d475f418ae98528547efa31962ab50b3a4ecee76d67a9c52e01601bfbac79ad18e4cfdd20fb1ae5748d22ef55ba10d90e42ee91c9c041dc93d857411d8d868625596e2eeee4236279684a6f27b0fd3ad71d6c046fee33d8c3e78dab558fdc5e0ca4f236d3b6e47506a68f4bba2858a148c2862d3b05c023d2a9bfc8339c0eb90735c35284e93f78f5b0d8da58957a6c7bdbab83900fd6a6b4bdbfb0005aca1a31d2390657fc47e15492f6319c4c9d718638ab0262dd403f4ae7a9463515a68de518d45cb2d4edf49d463bfb756042cb8f9e3cf2a7fc2b1be21699ab6ada1b5be8f70b1e73e6c47e5332ff74376feb5891cfe5c81937238e841c5743a76bca404ba3cff007ffc6bc6a9819d09fb4a5ad8f231180943de86a8f2af0b24367e3ed3206864b66b65dd2a4c70c1c063cfe9f862bd9af3c43636d7f791cb7b6c8443905a651dbebeb5e59f12e3b56f18e9f2daf97713cf1e2e201cfca3eeb13f427f2155134a24e6dacada027f89a319afa6a18ae6a51935ab39a9e592c5b73bd8f417f1de9034c80c57a25944b8658e367f5f41f4ae2be29789535ab65b5b286e9a33228dcd1150c429fbb939ce7155ce8f724e65bf645f45c0c523683a78c3dcccf295c9cbb9356b15e475c72282de4769a1eaa9a578374fb67b88d2488aab0670bcede7f5ad66f17e9c9ab857d42d5625881cf9a319c62bcd146836800f25323fe9913fd2a68b51d3598a436e700e3253028fadbec0b2083de4ce82efe2296b39e0d3e113dc89305de458e30077ce4939f615cff88b56d5bc4913417f7504168400d0da8c96518382c7df9e2ae7d9acee97e68233ee05549747b685f2b18c1e952f13396c74d2c9f0f4dddabb33c490db451c2ae02228555ce4e2a317733922d6d988fefbf1ff00d7ada8eda14e55054c9128076a8e38ac19eaab2d0c34d367b962d7770fb09ff56870bf4f5ad6b5b2861402255551e82a77291e493f855592767c81c0f6a455c9649950948c018ea6a173dfa9a41f7b240cd4d6b673deb37929f22fde73c2afe3570839bb451955ab0a51e69bb2208617b99b64432c7f203d4fb55cb99edb4ab27669808bf89fa34cc3f817d071d6af7970d9583cb3b886cc1e58f0f39f4fa5799ebfab4baadfb48e40854ed8a31d117b57a74e9470f1e67f11f238ecc258d97b386905f895f54b937f7d2dc302371f957fba3b0155c443d295066a755c7009c62b193bbbb39d68ac884c209e454525a06ed8ad254e29e23f6a863b98525bbaf0c37aff0075b915abe1b920b79a54924f27785dbbb95c8cf7ed563c9047cc2a07b40dd1467b56b0c4ce9e97d0c67461537476d15ab5c4385316d2393e62e3f9fbd539e15b426d64db2da49feb2353bb61fef03d33d6b9db0bebdd2c9f2195e31ff2ce450c07f857456daf586a90f937f70f68dff3cd54221fc4576c3151979338a786947cd15fcd9f47227b47171a74801fafd7b83ffd6fa56adc6b76c6c166b56df2be42c6dfc1ee7fcf359f149f66dc2cc24f6f83ba2272ae3d41f5f7ad1f0ae833ed1ad0895ade0705202376483d48eb8ae9855a738b94ba1e6e3e8e228c952a6b5975e891d1f813427b1956f6fe3dd7576a7cb47eaa0f249f4cd2f8b6dae6391ad342be6b777cb5d37550bdc7b77fe556b53f1119962364546a921d8b0f531fb9158da9de359c6d0dc465a5cee95830219fb2fae3a93f8fb570c652a952fd7f25dceba546346928476fcd9c85ddedf5c89acf50b48e3b58c010918394ee4fb9e2b3a4903afcbb8275507b7d7deacdedcc92dc1f31f39241f739fe5c5559d029c8c907af35ea52a6a28cab4ecb917cff00c813ef16e0127268964defc6060f3e951c52238319e3382bdf348f9270a06e1dab63949a1c30008ce7b8a9c8c80a4fcc7af151c28368c9da7d47ad4b82d96e32bdaa18ec5530b2397750c09fcfd29d6e8d312a46d18c1623bd5948da7ed803afa5735e24d7065b4ed31f386225954f4f607d7deb0ab59411d987c3b9bbb1fa96b4c9becf4f38ea1e4ee327a03eb59b043b57350d9c5b140c55d5ce2bc2af59d467bf4a8a82f31186474a6c672c734f391d6984e0f1deb999d089c37a53198fad20e0014638e3ad4a60d11b127bd40ca4f7cd5d1096fa529b7f6a7cc4f2997221c9c54582b5a8f0633503c38aa521346af873c452e9a561946fb727a6791f4af43d3ef60bd844b03ab2915e42d110722ade97a95ce9b38781ce3ba9e86a650bea893d7b3dc75a7af3587a16b906a71819093a8e549fe55b20e4565b0c90724d3d78a60e29cb400fe08a519c547cf1e94f534017f241c52704d078a6ab12ec0a90063e6e3069903a9a49cf14bd7eb48477a6210f23079f5a4cf141e052023d68013ad3187f769e48c751c53036ee56801adc0a86401810ddea5607d6a263db1cd4b19e7faf69cda7de1da0fd9dce50fa7b566ee18e2bb3f164aa9a6326d05a460a32338ef9af3e91ae11be55575fae2b583b8742d48ac7a102aac96a1cfce4b7b1a6fdb245fbf6d2fd570694ea008c79330ff805742b90579edc01f747e1597750804d694d77238f92de507df02b3ee1277ff59b501ec39ad506e63cb1e5f0057abf82e212e8da7c4d9dadf2f5f5635e672461091fad7a87c359235b5b15621d44ac1b1d8f51fcebaa94acce7ad1bc6c7aa5e8fecfb79acf4b82231aaec62e080e720ee27229973e5da2edb990349d162839cfb962381f8669ef3dac3631dc3a196e6752d12ca32a074cedeff8d676afbc4ac5dd8ee556059f68c6d047039a7cd756473c62a33bbe8c67891e510db2b49889e22c577724e483fa01f956149757370a12d93ca840dbe749df1fdd5ea7a5757e19d3aeb5c8dae2f2e02c119d8b1c4a32bdf1b88f7ac7d42d146a37116e0115caa8dd93807a126b2e453494ba1dd1c4ba329f275650d0f4ab4bbd4e35baf3272720cae7ee1c7de51d076ff0ae8ac34c91b42ba7dc823f336c726002391f77d6a6f0bdb436f74c5c2b1f2db62f18ce3b71cfd7007d6a5964dde1b959f647124df3e5b683db927eb8e7ff00ad5b72c7668c1e22a49dd32edd6976765a32ca64925952307ef7538fa1aa5a768f737b6c93a8455619e4e3fc69da9788b4e4f0dc8f6e05ccad06406042938f719fd315ce68fe2ed42f74a11acb1c491b143e5e01c0208c9edd7daa1e1a13de26f4f31af4f6997f5ad2d74d916e2ebc90e7e457e371ef807af6aa297916722453f5fcab1f5eb956f2da77f364f3943313d307dfa0e9f9f6e873af75312a6231b8b74da3e9ff00d6fc87a0c279741f5b1d50e21a90d2493fc0ec12ed4fdd2a7dd48a73bc6570cb81f4af32b4d1b5392f9aeadae668222c09dccdb41f4c743debb4834bd6b4cb787ed9299964cb23600e3d3d6b9278292f85dcf5e86714aa59c972dcd36b7b690f45a84e9d0962540fa62b3ee2f5ad46ebad800192c5863b7f8ff2f519920d4229402ac769e854e735cd3a33a7f123d3a189a7595e9cae69436c226181c1f4ed4e9c6e2724003a5507bc18e1daa2332927963f5359a37b169e48e3c0ce587a5472dcb740368f7eb55724b71c0a5c03c7535493626d455d8bb98f539f734e51c614127af153456d920cadb57db93fe156926b1b75703f7aebd411903271c81fd4d75d3c1ca5f1688f23159c52a4ad4bde7f80b6160f31dc216b8c632a0ed41f56fe82aeea9ab5b6956a3edf3c7b5412b6f0fdcfc4e39fa5616b3af5e327d9ada368a1e82418da077c01c579d789e2bd86e7ed17124935bc8a42484e769f4f6ef5e9528421eec4f97c5d7c4621f3d5dbf2357c43e229f5ab82090b02f08b8c600e95910bc6f2ec5914be33b41e78ae745d4b3bc702b797b8e0b135db787d2d74f48a18ed9d967041b894040e71d06793f4ace54efac9992aaa1a4515917a5584c6298400cca0e4038a9a219e7a1ae36749244073cd4e89dea345e73fd2ac4638e78a8013cbcf3e94d2800e78a9c0f5a5d99ed498159e2040e2a95e5aa95242fe55ae5462a264c8271c1a92910f86e5d928818818395f61deba283c512e95737674d8659de08f91d5431e9915cacf0b249e6459561d08ab56178b1d95d087e4bc6e769fe327d3e9d6ba70f257b326b3e6872cb646be95a906d6ff00b56e55a1b99e37170c065226041c703aff00f5aa1d6b53335d7991ff00abdbf203d7af2c7fcff2ac2f0feb176ba6dd6992aecb359f729c72ed8c9c9fad5a740fbcb8e3d074e9c62bd8a346cf53c4a953955d7c8af8390c4ec18dabe9fe78a1a430e47de18e69d70711e029c9ea33d2aba3654e4671c75ff3e95db6d0e1bdd8fc283bd09519a7edde720f6e5bd78aaf0b949590fcc1bae3d2aec6aabd3241e9f4acdb2ec4b183e5803961d8d2c08fe66172076f614a1490a467b163e82b9ff106b64192d6c4e064ef9077f61fe35cd5eb2a6ae7661b0eeabbb2a78afc47246bf61d38952c0892607b7a2ff8d60e9f1055078a8a78f7286c7dd3566d4f02bc6ab59d4573dca549419a7174156547a55687daae4638cd71b675223653de9857e6153b7a5458f9aa6fa0ec380a9e18892292142d8ad4b58366d2e38aca52b14911476a78e38a7bdb1c1e2b5a084328dbcd4af6adb0b62b1e72ac72f2c04741542756563c66ba792db71ce2b3ae2db0c78ada15110e263ae0fdea57b60eb94a9e48707a51039864f9c650d6b72394a56f2cd693878d8ac8a7822bbcd13c5314e162bcc472f4ddd8d729340922ee5e73cd52910a64d27660d1ec2ac194152083d08a7f435e67a26bf7762046499221d8f515d55a789eda56512ab47eb9a86ac4d8e8c53b8f5aaf6f3c57281a270c0fa1a9b20520344f4a381413eb4b4ccc691de93b7bd29149ec05301a452119ee7f3a71cd358e38a006ec00534d296e690918f7a006371cd4321e722a466c75acbd6af92c2c269d9d54a8f9771ea6a58ce5bc4f79f68be28a72917ca3dcf7ff003ed58e18639152453c37399125570dce41a73ed03b56914d0c872869182633c50e076e9503ede878ad5121285ed59f74063a55c217b1e6aacc3f2ab434635c0c31ae8fe1fea26db588ada40cf14cea063f85b3c1ff003fd2b0ee506e247435a7e06da9e29d3cc9d04a31f5ed5b29595d0282949267bf5ebffc4b238943031b6d50adb7820e79f4e056e785745c46b777c7cd9f385564ff00578edef8ac4f07186f7c42d25c8dcc8a4c009e060f5c7bf5fc057a15b71e6af70e7be7af3fd6aa0da8a4ce4c5ca32ab271d8c9f0d26cb4b95cb713b70cc09ede95c95eaf937f712bfca048c77796131c9fe26fe95d7e993c364ba834ecb122cc4f3b5473e98fa578c78e75d96eb58bb8e0658e1f30ed0b905867a926ba2945c99c939591b63c4b0d8ead10b731ceed26c25549193c7249049ae66e350bcd4adb5382e25672a7cc58892402a79c00702b060ded2ab6785219703a91d715bd636735edc48f0db318df2cc5570003cfe5915d5c8a3a9c753176f762aec8f4dbb5834df2a552cf821b072793efc7f3aaba4cf2442486dcb052dbb3d4e7a7d335d7687e103773347f68cbfde705080a3dbdf3f4ad694e9de19d5aded8e6e8ca061428c6738c9c03ce697b55b4352550c44e4dd77cabb1cee99e11d4b5600c882285870d27a7b0aebb4ef0a691a5a79ba848aefdc48703f01d7e95a973a85e3421d8c7a75b91906420391f4e7fcfa573703c2d7b3c76f05c6a33b30955e52caa323938ea3907a9c9f7ac9d4bbd59d74a9469ab457cd977c59aedb5be8cc9a5599b865700055c2a8ce0f4e7bfebcfa571be2dd4f5bbdd2b4d94dc5b59c4232922a901b3eb8e4e38f5f4e95d95c6957f7d6ef15dcf1dac0c31e5c2a140fc3dbfce2b0b46d12da38eeb4eba8daf27c965924031b877edc743f8d0abdb45a1b725f73caeeede2b8977cb3dd5f49dcae4f3cfd7fcfd2a5b08751b5909d3ad278d0f5123f1f9127f957657f3259bf96e6281d090571cfe58ff003c5634daa5b8271e749ee3001feb5bd9d45aab993c5470ef9a33b32ce9b75a94b2a477569100dc6e8e4279fa62ba0b78d19b6b3918ebb57247e19cd71475a48883f66ce0e705b38fd2abf893c550dc18cc561b3073f7f9e8476158cb0306efcbf89d54f88ebbf7554bfc8f4f10da5bc5e6491dc4a546497c4483ebce6b36f3522f3186d5046b80db953007b64f527d2b92f03e9da96ad3fdbeeda66b7eb0c72ca4a8007df20f1f4fcfd2bb6f3e158bc8870242079ae7a9f61e8b4e31853d208a9622be23deab26d19cb6696ac1a69e69a76196dcc495cff083fcc0c55b5999e30b1b0080f08bc28a458541e1cb464e09ec0fa66b3f53b992d226fb246b3c85b6aaabe7f3f4fc4d6352139edb9df86ad4a924e5ac5f5ecfb32e5c5c2daa799bd177101623c0663d00ae775466b9b6315f8841943096dd73f21cf0c73c291f8f3480c91de47757970cd708495441f2a7d3d4807af41fad52bd5fb42ab06caeecafb1c81f9e7bd7561a8496e70e3f1506f4dbf1ff008630ed347861940b5df2cce768f388f9077f4fe55d669567a7da595d45a9c92dd4c24596058fa29561d4f7e3b74e2b1d099230add71b403d8f4e7f9d383cb0832228752bb895eb8e7f1e95d9ec6cb43c955a327763e26120ce727bd5a4e8077359c8ad2b0b9824077e493d33572de7590900e58751e95e46270b2a5af43d2a3898d5d16e5e8f9c0a9d070335551883818cd4ea338ef5c4749381f3726a51c54518c83fe35280334805c6714c2bed4f1e94eefed4015a44cae08acebcb51f793823d2b676e7351b463b8ce6a76293312360c161661f8f02ac5bcb25baed625e21cfcdd47d2a4bbb30dc81861558b30fddca31c601af63078b8c9724f73cac6619df9e3b134816e549858103923d6a9bb796719c163c8c74a9123db2e22620d4f0c48e4898e1876f53eb5eadf43cab6a410a7ca5bf888c7b55a8396d89d38cfb5096cfcaa723a926a9df4fb54dbdb31f4693a67dab93115952476e1b0eea3bbd8875ad4c9436d6878c61dfd7d8573a6df9c62b5a3b520e08cfad4a6d40030b5e056aeea3bb3dda5050564610b6ce41e87835523cc7232375538ae8dedf68e99ac4d5a3315d2b004065fd4565195dd8d996addba55d89b23039ac9b67cf1d2b56dd8002a648d132665e3bd424735640ddf4a8e541906b319358825c574318578b691dab12c4aa915b3130db91d2b19ee5a26d3e411b956e715a924bfe8eff002f6ae5e49cc61dc1fbad5d1cadfe868ea3a8ace51d4772b10ac808aac600c4e4536dda4667daa768a995be620f7e959bba2ae9999736c01381c565ddc58ae8e7c63045635e20e49ae9a52b99c919914a50e3f86ae9b6f35323eb5425c03ed5a9a2c9e647b1bb56934e2ae4a650f24c326715ad04314f082075eb46a300519c73542cae1ade70adc29a5f12ba034ade7b8d3260f01253ba93c5765a65fc3a840258db9e8c3d0d735181283c6734dd318e97a9a3722197e571d87a1a4b54268f47ce3a9a33dfd68f6229318eb4cc4290fbf5a71e9c5333eb40869a63120d2b1f5a8d9f3eb40c573f9d46f263b552d4754b6b14266906ec70a3963f8570de20f135f5cc6d158a3409fdfce588fe942d58ec751ab7886cec772b3f9b20fe08f048fafa570ba96af2ead73bdc6d8978099ced19fe75143099511f1f78528b50929c71915a28a5b8f94ab2e9060777b572a58e48ed9a8737b12e1f9c56b5e4db15446e370519cfad167325d2b2b002451c8ab8c9dae2b18eb7cea40978cd5e0c2488118f5cd3352b18245c1f95bd45436769240a104bbd6aee9ab936d426c0ce48150e782339a92feca4753e59c1ac306e2d9caca4f5e0d5c52686f42d5c1c74151d9dd3d9dec3711b6d68dc303f4351cb73b93e6033eb54267696711464903ef56918f42652b6a7d39f0eef127b8b2ba88811cc9c0e9c118af499aea2b45b8926621461b039278ec3f0af0ff83b7ec9651453c84fd9e45c0247ca87fc9aec7c49ab35d6b8630c7eca62215092412a7ef1507dfbf6ad797999e6d47caddcc49f559e5f156a0cec6346276aee1181d08ec727dfad733ae42b73aabcd12b3b4b8e705b776efc9e95a97503ddea68d670ee771b4ed5009f5e057516fe1d9f4dd30ea128450064c8e3951ebf3638ff001aebe654d5d6e79a9cb153e48bb47abff2398d23c3e8bb1afc9de791083fcffc2ba2d46e2c743b3b4bd412f9c5c830228552c071fc3c715ce5e6b1712bb5b694ccb83fbd9dce303a646d1fe34fd02092686eecb4f823bebf71e6995d33b187a313c679e7ad652bef3777d8ef4e9d25c9415bcfab35355d42e5b5eb5d42666b2d3678c3158f05c8c63277007d3da9fafdaddcd6d0de691a732b46c0fdaa56f9f9ee5bae38e8b9eb56ad7c3d6d75a409f52945c6a30b96e18ed23e8dc1c7af6aeaff00b52d0e88b25fdcc56d114d8555c16ce3b63fa543936ecb5f244dd25793b199a6e936c6d61bad4657b8ba750cc093807db3cfe26aede4d6f656eb334915a44a79dc40c8efc5704de2a96d7ccb5d36355576ca4ac0923f3e3f3aa86c6eafd84b7f70fe6373f36598f7e07ff5b14e3879b97bcecbb239e58e8c972d08f33efd0e8b55f1be9f0161610bdd483a3c8762e7fcfb0ae1fc41e21d465945fb992d95cec0d0e533edd738ad5b0b181259e1961512c6771cf2597b127b71c607a53751b64bbb59a275cc720c6e23bfa28aea82a74f48a2153af575ab3f92387d684b02c374312c57033e6739cfbe6b9f9eea724f271d85757610b3a5ce8b744ab924c64763d7d481d8d729791bc6ef1be15d0e0f3f857526ca8d0a51d919f713c8c73bce45749e17d223f10342ac33e4905f000ce3d78e84673e9cd6159d85cea7a8476d689e64b236300703dcfb57b2e83a5c1a2698b696c32f8cc8fdd9b3fcab8b1789f66acb73d8cbf00ab4af6d117210905a2da479080e494e074c0007a0a8678f68cb3485fb6fe14fd07f17d05588f1bb2d8e2b12ff0058124ee2388fd9e2f90cf90bb9ff00ba0f5231c9c57360aa4a727196c7a19a61a9d2a6aa53d1afc45bdd4add84ab1eef3394d9d0a9c74ec17afa64d614acb1471208ca00198832166638e589fc074f5e2a2bf99d6449250ae4e4aa8002a83d781ebefebed51d995ca89570cdc75cf7e33f80af6614f995cf9ba95bd97abfc07340cae87709100ce48c10739c7d3268460a8c318c8c1c740477e7dcd5960551482786237018c027a62aa3a6c3b439ec477e3afe1d7f9574463d0e09d4727762b22345823f7a09f9b1ef814a02ed28436dc72719383dff00214478f2817701d368c7a0c1e78f7a990a8f9fa90064f6fbbf9f7aab11cccc430c969234b1820606e4ea08c71fceafe511a39a2cf96e771c0ec47f2e95666890c60a8e09273d33c0c0154a07f2a5368c01db9283d7d475fad29454d59951a8e2f991a21be6e956233c7ad53b762506e001ebc55b8cf4ed5f315e93a537167d251a8aa41491693a75353280719a813915347db8e6b0341c4100d387d28038a701c73cd20100f4a5c718c53c2d07838c66a4642f1d55b9b559010702b436f1de828083eb45c0c01035bc992095ab91451b8cca80a03d58e3935a0d082002290da86e3f1aefa58e9463cb2d4e49e122e5ce8805c5bc76e05ac12b4bc8df2371f5c7f4f6acb8ac8003e5e95b820551cf14d78c0008ae5a956551dd9d108282b2328db01db8a89e103e95ad2479155a44047b5733354cc89d306b9cf12a3288197b139fd2bae9e3f96b99f1072a88bcf39a507ef1a2d4c4b79b041208ad5b79c35524843a0a922428f5a49a668a2d1b31480d4921cc64d51864f5153c921f29be958b2c963982b0fe95ad6b700800573d6eeaa016ea6b76ca13232b118159cec545324b9b6f365da870afd6b4c5dc4db2d04abe663a66b2f5a7782d9da325580e0d71b24d279be66f6f301c839e41aa853e622523d560c4718551ff00d7a578124f9870d5ccf87bc422eb6dbddb2acffc2dd9bebef5d2c6496c93c52942da3324da32b520f148a08f94f7aa322f98a78adad65435ba31ecdfd2a8c280c759c7dd9591bdef1b9cf4f03678a5d267f26f991baf15a9731006b02fe2961d42da71c4721207e15d0df32b3252d4eaae8892318eb5cf5e00afcf515d0411b3c00e39c566ddc3fbc24ae6a69357d452bf4347c3b219546ee49ad5d46d4188e71583a136c9b1fdd3cd75971187b6cfb66a25a319d41e0f3487ad00e73e94bef546021ec314c6e45389fce91beb40104871d4f3585ae6ae6d730dbaee9c8e4f50bfe27dab75a2795c247f79b815cbea163258de4eb7382e4ee07d4549691951db99cb49704b3b1c963deab6a11c51211c669b7d7d2aca238812c7b0a23d3e59f0d7048cf6aa4baa1b696e664721db95c2ad35d8c8d904e2b627b782d22c9505bf847ad73b751ce64f31403ed9c1fceaa2b998f9b4d04b843c81505b486deee323939c1cf707ad5edc8220f27071d0f5a82d6112b7da1fee9e107f5ad6f644dba8b792ab13c567c576d0c85bb0ec7bd5dbc8c32122b212d9ee2ee2807476f9bd877ab8d9226da9badfe9108958908c32abed58ba9e3040fcab7ef8ec5014640ae7afc8707b1a74c5246316ce57b7a5696916792091c9aa70445e6db8ef5d66956fb541c0c7a56d295919d8e97c2ced6a970a9c178c8aea99a4bc4b411a967ce70141c1e8700572da67c92a7607826bd47c11a21baccb29db1a038e7bff009fe46b5a15128dd9e663e94a72515b3dcb1a6e8ada768f26a770fe484f98ab1c0db9f604ff009ed56759d457c45e1c795d9ad6c1d70aa57e69181e99cf4e3d38abba8dec1abe9efe6ef5d3c7eec46ac434cffddc2f381f5fc2aa780ac9a4490ea70989606c5bc0ea3e55e7b1f9873fce94a77bbea28c7962a0b6479dd869f3eabb563cdb69a87f873b9fb7403d872715d5695243a3b46d6c8b6d0c7d646555c8ef8dd963f5ad4f1a95b0bb33dc67c9932d1c7966c91d78c8039af38d6b5569a45f30ae3202448028e39e98faf5ae8a507557647162712a868b59763aad57c57159df5c0d15818e61869a5049faf27eb5c82c866d796defa490bbe0ee2c0fd0649c0a82311ea1a6c863005dc27ccc67865ee0e4f63cf4cf1566fcbea9a3457b16f7bcb35db29cb3315cf07be31fe35d718c69ab44e4546a577cf5ddfcba0be21b0934db8b7d42c830488ed6d84b0523b96c639ef8ade8af127b68ee572ab28e4f4c9f42c793f8555b4b84d6f452b3ba172bb5f7b9247a6076ae774d96e34abf96ca6f9909dcae17919e38ace6a4e365ba3d2a518c76d8e8f54916311dd285262041180a190fde00753ebf854a258a48c344772607cc587231ebd147eb565745d47ece65922f2a37e85c905bfad5282c67b348a274f3541c4637a2051f89fd7ad654df596e6d25d11cb78c2dbc8b8b7bf8f20a615c2a91b47f0b631d3b649e6b2f58d02fb57bb82e6ce1f96e57f8c8073ea47d07a76af5e4d1e6fb217d4a486cad5ba2ab29793a743dfea4d509638601fe84abd31f2ef7623dc815a4aacdaf710e9429f32536735e1ad023f0f5b6d68d8ddc83f79391c1f65f415af2b80a4fa54b78166b7f315079abfecaab11ee4f3fd6b8bd4f5437133c4b398edfeeaaaf0d29ee33d876cfe55e7ba12ad252ee7d253c5470d4dd36b55b79f98fd575537b235bdbcad1dbfdd765fbf237f757fc7b7e954dd80c47b95fe5da8a391193c9ebd4fd4f3deaa31280a2b032280a5870179e8a3f1ff26922c23904f3d777b6300e3f1af6b0d86515e47cf63b30726f5d7f21d0060c5a5077e0920e08ce69ca862600b1655c1e7af4a82624ac8015c0c6e18ea7da8493cc72fb8752719e38e3fcfd6bbd2b1e1ca4e4ee5e53e646af09cb6ece0e00ff003cfe95199bcc91232c4b1c2b1f6aaa2448c91c29c7073c923bfe6684708046e8a48c8071d07ffaf269bb1366580df26412abdf1e9c9e3d6a0492505ce30840033f3374e3a7b91449708dce71c1c71d47418ff3dea1dc4cbfbcc0c1c82bc60f5fcb3cfe14ae558bf1cbb90c6570c0e46d1db3c7f2fd6a2bc091aadc14f9e27073d3a9c11fad32365dbb54952dc85391d4e3fa54c6132c2c265db1c83255f209ff003fe159ca6a1ab2e9d09547a6c58013707424a9ede956623c020555b6f2c46540704364066ce7f202aec5c738af0b1f38ce69c4f73074e54e16913a7356231c0a8a35ee2a78d73d6bcf3b07a0eb4f001a45014f1d69f8cf7a4c05dbf9d18e39a78ef4638e2900d0a467039a3078c7e229e0f6c53947527ad2023da739a5c11521029a4739fca80226e3ad31946466a76c67a533193938a4c642ebc038aaec809c7615739c90700678a632866a90332e538cd731a9c399f079e2bb2963c8391587ab5b10c2451d3ad44b436a6d267311c451f047153490e53206315a33420b2b0a0c785e464567ed0e9b1931820f22ae05dea47a8a2587e62462a4b4c34c89eac055390ac5dd3bc2d71369a2fa562b9e557daba1d3edbcb8d558720574910125b220e231d05579224572462b2779ea69cca2acce4bc5498b55518f99ab8f92007a5761e29943ce918238e4d73cf0fa56f4f45639e5a990d095f994f239ae9f40f116365bdf9f6121febfe358f342474aa8e9922b5693dcccf43d4a6df6e238f049e7354a290aa00df8d3f41b6dba6217c93b723354afaf238dd9475ae48be691d0e368d84bb9c127155755858de59447fe59c3b8fd5989ff000ab9a2d99beba12c83f72a727dcd58d71506ac8c0825940c7a62b59bec671dcd2b38bfd1d7e959da8200c6afc73848401dab1ef2e3cc936af249a9a6824caf6d37d8eeff007a0a890654fad75d1dc07b41ea45739ad41bb50b1b7c0fdcc607e279ae962b6c5aa1c630295aecd2cb96e75a78c51c5277a4279aa3940f0dd691b04d069b9c75a603e398dbc82440091dab135b175a8c8c4854e7ef0192456bb92455795339a45267396fa3a419382589e58f24d3a78c428ccc46056c3afbe6b135963b44633f31c9a4db048c59c19dd988ebdab3eea254cb138ad9c08e325971ef5cb6b7744a98d0f07bd382772cc5bd9e5babc1047bbcbdd8245695cdc4d1ed30a9f2d4742bd07e35368b62197ce6181d17357ae2d5421db907dab5e757b09a329271303bc0561d71c66a0d36553ab4be5825923c640e993ffd6aabac4cd6a8c01c13ed5a3e0ab33f659ee65fbd2b707d87ff00acd692b28dc4bb15f51f30484b48541e84a1cfe60d63cb31db82dbf35d4eab0ae188eb5cdfd9fccb8c01c66b4a6d344493459d22d0bb86c7bd761636c0202060d52d22c82a29c62ba08a1c2f0381d8544e57648b0aec20f7af48f0e6a856d21b30ea82e94ab31cfca17927f9fe75e7e91f622b634c91c6d443b9c10ab9ed9619fe545296b631aebddb9e93e1cb112de4af3c452ce2f9ad626200c1273f28f7f5f5a4f15ea6ba05f477e115e4941021040cfb9e0ff3ed57af354b7b2d212fd47eea00024638df9e31fe7d2bcf2f52e75e9ee6e679b64ae0ed009c8f400004e2bab0f4f9df34be15f89e362abca16a74fe27f810eb4baa6b714d7d296326098f7801473d0648e3af4cd70b323000f2cfdcd7a0f84eff0009258dd054b8849c06d88c467919619ac0f18e94b6373e7c441b69dbf85b7156f4ce00c57a70959f29cb0c32a6b9b76f7660e9d7525a5da4d11c60f38cf23b8fa7d6b74b26997f15ddb05934cb9fe0c16e0f553c0e473fa573f2603641ce0676838cfd6b7bc276926a923594bb8db4bcbe14b7967b3003a915a4bbb368dde849044745d5a39ed033d95ce0a85c0041eddf18ff001aef750d3346f2229af8c77976b8755595d828faaf73c7155125b0f0c69df608ae1de677044ef06d6f61863d3bfe150692ba8dd6a0e6f2f7ca491b644865ea73d4919c7d2b9e5513f43b61424979ef6f225b5d4a7d6ee9cad9b79718f2d646877eec70546e3938f61f5adc16a9a7c7beee3334dda148576aff00bc463f206abde4b63a74b1b43219a788ff00ad69d8856f61d0fe27f0acdbbcc84cf88da373cee5776cf5c77f7ace351297232ea507287b68edd7c892e2ea47919199d5f9651b91323bf001c7e95917770181cb193fe05249fcb02a4d4a45b68b7aa946032308b1e0fe3935c8dcea6f70ceaffeb7938f34b0f5e7d38f7ae88459cd26a56b6e41abde3fdb6382dd9b692184689b327ea7231edd6b1a5fbaeaccccef96f30f27183c0ed4eb99372feec1246416193bbfae3f9d44d395900561f7b1d38c678fe55d34a9242af89695afaec552846d20fce9c018c918151b48dfbb723b052c7d3deac5d32c88ac00fde0c151db3cd548c11903fd675208e3d33cfb575a76479fab2572400c55413f3101b24761fce9a8c324eec296071ea69bb8ab9da1761ea0f1f87e58a8db2c76e14f3c64e38ff39fd29730d447c88b918c065ce48f5f5fe7515c3bee55df939e19060ff9ff00ebd4f1075de3aaae720f6ff1a924511c7bf39cf41dbb75fe54ae5590d8635c2897956030bdff00cf00fe556e641ce5c05e5416ce0741d7bf5fd6988b9631f2c187c854e327b9fa74155a7be584226ddd326000492a87d87ad6552aa8abdcde951bb5757f2ff32d7982d95402e006c2f3cb01ebe952f98d3b64e00eb8fad65c4e643b9ce4fbd695a81c7635e2e2712e7a2d11eb51a2a3acb72e42957635e98e6abc4063eb57221f2fa76ae06cea258d482318c54eb818cf5a8e3c54aa47a0a96c09060f51d294673d78a4181d0714a31da95c09173b4f7a5072c3d29a381d734eebd71400eee294669a0631de94f045031c40c734839e0d2e38e29d8e3a628604445371918a948e69ac39c0e3f0a91916dce79fc2a27849915c48ca075518c1ab3b704645230a0081939c8e955a7815d0e40357997151ba03c0a96ae34733736fe4373f709e2a4580347c56ade4036e48e0104f19aa10c051488dcc814e33ebf4aca50ec6d1abdcce9ac320904f1ce2abaa793283b7a1cd6fe0329c0e6ab4912367701bab2d4d948d3b4d6d3c951d081505d6b0d86d839ac792dde2e9c8ea0d44580539eb4e3a03d48ae6479a5677e589a6ab7ad3d5bb1a64b1f048ada3225a193203cd5396319cd5eea0521877569733b58ed3c1b736935aa473b00cab820d6378e469f6ad8b5c19d8f6ec2b007990b131b153ea2aa5c0691cb484b37724d28c1229c99d0e8fae97b130ac389d7818e87dea65b3791c4f2925c550f0adb8795f239c8aeaf545315b0586324e3b0ac26df359171492b9cedece514807ad47e19b792f754dee3f7517cc4fa9f4aab7027b89fca4425fe9d2bb1f0f580b0b20ac0798c72c6b6bda364652dca3a8c25359576190c060fe15d55ac427b658c0e4f4acfbdb55b8418fbc0e41157b49ba11797bb82a79cd6717cb234524e363588cd379a79e94832699ce21e99a6b50723e9464138a006938351bf3d6a46c7bd3586eed4c0a9283ed5857c18deae47cb8eb5d24880ad5ed3e2b4167234e1738c648a566de85a3cbb5bbb5d8e88718eb5cb5ba35d4a4f3b73d6bb1f15d9c734af0d80cbc8e465476f5aa3fd9c2cacfcb41fbc3c02055a9596a53b5ac8485e38a108b83b78e2a39e75113126aa4b6b22fccc9923f8bee91f88aa972cee3629249aa54c5730b5157bebee3ee29aeab4d26df4f8914700738a8ac748da54953935b89a64b1d933b43215048e055c9a95a24ad3539bd4ee094e7f2a8b46b432c81db3c9a9afadccb7236a9009e95d3691a7795129239aad22b414c9ed6d82201b78abcb17af1534716062a748f1ef59364588447df1cd5bd39bc9ba4623a3734d0833c8a43d7233493b3b84a375636b50b892f2ea0b269008179193dcf273fe156f4f2d05c3d84b923efc5bcb0dca7b6d5c9e0fa9f4ae66ea7992586e22660cac3241ee3a574b03aea962b3db304ba88e720e30ddf2dd706bd7834e0adb1e0aa4e3525296f7fc0cbf13d8cb617116a960bb1d08f3404d99f43d73ec6b68797afe90772b48b20c100c8e41f60302ad5988f51b165280ac80ab2ed55e7a11b8e73cd3b41d1878626b99b509603115dd1c45cb6d3d8b02074ad39d25aee8d234dc9da28e2ecbc1d70b7921bf56b6b54e0bb71b876c03cf3ed9ad79f56102ae97e1b80b03f780c74eecc7803fce6b5f5e8e6d6b6b473c91ac8412e918195f4e5b34d834d4b3b7090a9b7b6e72723cc94fa9fc7d71ed5957aafed1e96068c1fc1f177ff002456d1b48dbf3dcdca4b7a9990cc602ca84e38523bf1c13fa55d9b5068ed97eccecd2213e63ed0ad267a9e46476e3349212ea11576463a2024fe64f27f1a85e35b61e6c6a04679601785ff00eb7e00572ac43a8ec7a6f04a8d9bff00867e7ea2c9235cc5e6b492918c91e6ed1f5e4563eadabbd85b886da1fb43ce422a86c8f5e48c543a8ea0d34728d1e7489371591dd82f9608e48c75fc05656a17ab7b6e512595b0397766008f600f7e78aeca74dd973eeb63ccad5529bf63b4b46bcc8f52bc322cd1621f4caae467fdec9cfe158775fbc7d81018b2411d0b74e7f5a7bb9601594201f723cfb75fad24927cac00cfaf3d7fce057a7086d73c6ab5146f187de55b80559b69c803e4c63a75e3f002a9b379b180db4303d4f1edfd0d5f752572a3900142060ff9c0aae622c4b00010318f53d7fa574276397729b2104ab9dc7d3a7f9e2ab481919b78e73f311d31f41fe7a568984ab166c28efb4673fe79a89d06f036938e0e0003a74fe54ee1a220c22c00ba0248ced073ed4c03648a720863ce3935284db90148ce4820f200effccd356254903853b36e1b071c7e3fe79a06498d815816318ef8ebfe7ad4b0322ed0ea0465885e29eb1a93b5954a9c2852396ce0ff0023591ac6a2d086b7b623cf3c3c8a785fa7bff2fd2b0ab51455d9d5468b6d5d5df6fd5953c45ab4968e6dad594dc0fbeea788fd87bd635a6a654813a907fbc39a3ecc7a9e49a6b5afb7e75e455c47b47e47ad4b0fc8bcce8ac6ea3900f2d830ad7b79b9c01db35c0889a33942ca7d8d5fb3d56eadce18f98be86b964afb1b24d1e876d2e464d5c89c0e739ae3ac7c416ee009098d8f186e95bd6b7a9201b1d587a83584935b9563651f81d6a656ec7b5664730e013927deacacd9a81d8bcbf778a78276d558e518e4e29c25cd17158b68d91cf5a7a907820d408e3bf5f5a7ac83a77a6227eab4fda00ed5106e98c7d2a507209a005ec294023bf148b814e1efd2818dc7268c0c7bd291ff00d6a0e476a4318791d08a36d387268ee734808c8f988eb4de2a6269a403ef4c0ad2a020e066abc21091185c141d71d724ff002c7eb57d97f1155788e740cc465b6818eb9e79fca9302acf6fce578354a78597248cd6e3a647ad569a3e702b368b8c99832ca47cafc62a0740d9295ab756cb20391592e8d6ee475159b8f6358cc824421811d29ea09c03531c347f4a114601a4a5636dc85e2239c71488326ae3aef4f4aae222b5ac1dcce43258b23a553962ea715ab1e1863bd38da974271557b1253d02ed6d2eff0079c237535e89657b6234d796474240e726bccaee2f29b18e2aac934a6264476dbdc66aa3157e606ddac775a4deda5fbcd25baaac81c82a473f5ad7182307f4af2fb19a6b59d65818ab8eb8ef5dce8bab26a511e36cc83e64fea3daa651b10cda56c9c628dbb8f3c1a48ce475a78a8b023fffd9, '1');
INSERT INTO `tbl_users` (`user_id`, `firstname`, `surname`, `othername`, `regno`, `gender`, `email`, `school`, `department`, `qulf`, `rank`, `f_date`, `lpro`, `login`, `role`, `avatar`, `acc_stat`) VALUES
('sfnnnn-1111', 'Habibu', 'Habibu', 'Habibu', 'habibu', 'Male', 'habibu@habibu.com', '1', '1', 'M.Tech', 'Chief Lecturer', '12/03/2018', '11/28/2018', 'habibu', 'staff', NULL, '1'),
('sfhhhh-1111', 'Peace', 'Peace', 'Peace', 'Peace', 'Female', 'Peace@Peace.Peace', '1', '3', 'M.Tech', 'Principal Lecturer', '12/11/2018', '11/27/2018', 'Peace', 'staff', NULL, '1'),
('sfaaaa-8888', 'Habu', 'Habu', 'Habu', 'habu', 'Male', 'habu@habu.habu', '6', '4', 'M.Sc', 'Chief Lecturer', '11/26/2018', '11/28/2018', 'habu', 'staff', NULL, '1'),
('sfhuuu-4444', 'Christopher', 'Christopher', 'Christopher', 'Christopher', 'Male', 'Christopher@Christopher.Christopher', '6', '4', 'PhD', 'Chief Lecturer', '11/27/2018', '11/30/2018', 'Christopher', 'staff', NULL, '1'),
('sfrrrr-7777', 'Benjamin', 'Benjamin', 'Benjamin', 'Benjamin', 'Male', 'Benjamin@Benjamin.Benjamin', '6', '6', 'PhD', 'Chief Lecturer', '12/11/2018', '11/29/2018', 'Benjamin', 'staff', NULL, '1'),
('sfcccc-4444', 'John', 'John', 'John', 'john', 'Male', 'john@john.john', '6', '6', 'M.Sc', 'Senior Lecturer', '12/04/2018', '11/29/2018', 'john', 'staff', NULL, '1'),
('sfdddd-7777', 'James', 'James', 'James', 'James', 'Male', 'James@James.James', '6', '6', 'M.Sc', 'Senior Lecturer', '12/02/2018', '12/05/2018', 'James', 'staff', NULL, '1'),
('sfwwww-0000', 'Gender', 'Vgender', 'Gender', 'gender', 'Female', 'gender@gender.gender', '3', '5', 'PhD', 'Principal Lecturer', '12/02/2018', '11/29/2018', 'gender', 'staff', NULL, '1'),
('sfllll-7777', 'Binta', 'Binta', 'Binta', 'binta', 'Female', 'binta@binta.binta', '3', '5', 'M.A', 'Principal Lecturer', '12/09/2018', '12/15/2018', 'binta', 'staff', NULL, '1'),
('sfjjjj-3333', 'Mustafa', 'Mustafa', 'Mustafa', 'mustafa', 'Male', 'mustafa@mustafa.mustafa', '4', '7', 'M.Sc', 'Principal Lecturer', '11/26/2018', '12/07/2018', 'mustafa', 'staff', NULL, '1'),
('sfxxxx-1111', 'Bulus', 'Bulus', 'Bulus', 'bulus', 'Female', 'bulus@bulus.bulus', '4', '7', 'M.Tech', 'Principal Lecturer', '11/26/2018', '11/28/2018', 'bulus', 'staff', NULL, '1'),
('sfyyyy-0005', 'Aminatu', 'Aminatu', 'Aminatu', 'Aminatu', 'Female', 'Aminatu@Aminatu.Aminatu', '4', '7', 'M.Sc', 'Principal Lecturer', '11/26/2018', '12/05/2018', 'Aminatu', 'staff', NULL, '1'),
('sfzzzz-7777', 'Hadiza', 'Hadiza', 'Hadiza', 'Hadiza', 'Female', 'Hadiza@Hadiza.Hadiza', '4', '8', 'M.Sc', 'Senior Lecturer', '12/06/2018', '11/25/2018', 'Hadiza', 'staff', NULL, '1'),
('sfxxxx-9999', 'Aishatu', 'Aishatu', 'Aishatu', 'Aishatu', 'Female', 'Aishatu@Aishatu.Aishatu', '4', '8', 'M.A', 'Principal Lecturer', '12/17/2018', '12/03/2018', 'Aishatu', 'staff', NULL, '1'),
('sfkkkk-2222', 'Hauwa', 'Hauwa', 'Hauwa', 'hauwa', 'Female', 'hauwa@hauwa.hauwa', '4', '8', 'M.A', 'Principal Lecturer', '12/04/2018', '11/28/2018', 'hauwa', 'staff', NULL, '1'),
('sfiiii-0000', 'Zainabu', 'Zainabu', 'Zainabu', 'zainabu', 'Female', 'zainabu@zainabu.zainabu', '1', '1', 'M.Sc', 'Senior Lecturer', '11/27/2018', '12/06/2018', 'zainabu', 'staff', NULL, '1'),
('sfllll-7777', 'Hassan', 'Hassan', 'Hassan', 'hassan', 'Male', 'hassan@hassan.hassan', '1', '1', 'M.Tech', 'Principal Lecturer', '12/17/2018', '12/04/2018', 'hassan', 'staff', NULL, '1'),
('sfhhhh-3333', 'YADOSO', 'YADOSO', 'YADOSO', 'YADOSO', 'Female', 'YADOSO@YADOSO.YADOSO', '1', '2', 'M.Sc', 'Principal Lecturer', '12/02/2018', '12/05/2018', 'YADOSO', 'staff', NULL, '1'),
('sfwwww-6666', 'YUNUSA', 'YUNUSA', 'YUNUSA', 'YUNUSA', 'Male', 'YUNUSA@YUNUSA.YUNUSA', '3', '5', 'M.Sc', 'Senior Lecturer', '11/26/2018', '11/28/2018', 'YUNUSA', 'staff', NULL, '1'),
('sfvvvv-3333', 'JENIFEER', 'JENIFEER', 'JENIFEER', 'JENIFEER', 'Female', 'JENIFEER@JENIFEER.JENIFEER', '1', '2', 'M.A', 'Senior Lecturer', '11/25/2018', '12/18/2018', 'JENIFEER', 'staff', NULL, '1'),
('sfkkkk-4444', 'BONIFACE', 'BONIFACE', 'BONIFACE', 'BONIFACE', 'Male', 'BONIFACE@BONIFACE.BONIFACE', '1', '3', 'M.A', 'Senior Lecturer', '12/04/2018', '12/05/2018', 'BONIFACE', 'staff', NULL, '1'),
('sfjjjj-9999', 'YENASO', 'YENASO', 'YENASO', 'YENASO', 'Female', 'YENASO@YENASO.COM', '1', '3', 'M.Sc', 'Principal Lecturer', '12/10/2018', '12/05/2018', 'YENASO', 'staff', NULL, '1'),
('sfmmmm-0000', 'Ishiyaku', 'Ishiyaku', 'Ishiyaku', 'ishiyaku', 'Male', 'ishiyaku@ishiyaku.ishiyaku', '1', '3', 'B.Sc', 'Principal Lecturer', '12/03/2018', '12/04/2018', 'ishiyaku', 'staff', NULL, '1'),
('sfhhhh-1111', 'Power', 'Power', 'Power', 'power', 'Male', 'power@power.power', '1', '12', 'M.A', 'Senior Lecturer', '12/03/2018', '12/04/2018', 'power', 'staff', NULL, '1'),
('sfwwww-2222', 'Technology', 'Technology', 'Technology', 'technology', 'Female', 'technology@technology.technology', '2', '9', 'M.A', 'Senior Lecturer', '11/27/2018', '12/07/2018', 'technology', 'staff', NULL, '1'),
('sfllll-1111', 'Tricks', 'Tricks', 'Tricks', 'tricks', 'Male', 'tricks@tricks.tricks', '2', '10', 'M.A', 'Senior Lecturer', '12/03/2018', '12/12/2018', 'tricks', 'staff', NULL, '1');

-- --------------------------------------------------------

--
-- Table structure for table `tbl_zone`
--

CREATE TABLE `tbl_zone` (
  `zone_id` varchar(255) NOT NULL,
  `name` varchar(255) NOT NULL,
  `date_registered` varchar(255) NOT NULL,
  `status` varchar(255) NOT NULL
) ENGINE=InnoDB DEFAULT CHARSET=latin1;

--
-- Dumping data for table `tbl_zone`
--

INSERT INTO `tbl_zone` (`zone_id`, `name`, `date_registered`, `status`) VALUES
('3322', 'Yola North A', '27-10-2018', 'Active'),
('9999', 'Yola North B', '27-10-2018', 'Active'),
('8444', 'Furfore/Girei', '05-11-2018', 'Active');

--
-- Indexes for dumped tables
--

--
-- Indexes for table `tbl_department`
--
ALTER TABLE `tbl_department`
  ADD PRIMARY KEY (`department_id`);

--
-- Indexes for table `tbl_school`
--
ALTER TABLE `tbl_school`
  ADD PRIMARY KEY (`school_id`);

--
-- Indexes for table `tbl_tp_school`
--
ALTER TABLE `tbl_tp_school`
  ADD PRIMARY KEY (`id`);

--
-- AUTO_INCREMENT for dumped tables
--

--
-- AUTO_INCREMENT for table `tbl_department`
--
ALTER TABLE `tbl_department`
  MODIFY `department_id` int(255) NOT NULL AUTO_INCREMENT, AUTO_INCREMENT=16;

--
-- AUTO_INCREMENT for table `tbl_school`
--
ALTER TABLE `tbl_school`
  MODIFY `school_id` int(255) NOT NULL AUTO_INCREMENT, AUTO_INCREMENT=8;

--
-- AUTO_INCREMENT for table `tbl_tp_school`
--
ALTER TABLE `tbl_tp_school`
  MODIFY `id` int(255) NOT NULL AUTO_INCREMENT, AUTO_INCREMENT=8;
COMMIT;

/*!40101 SET CHARACTER_SET_CLIENT=@OLD_CHARACTER_SET_CLIENT */;
/*!40101 SET CHARACTER_SET_RESULTS=@OLD_CHARACTER_SET_RESULTS */;
/*!40101 SET COLLATION_CONNECTION=@OLD_COLLATION_CONNECTION */;
